-- phpMyAdmin SQL Dump
-- version 4.5.2
-- http://www.phpmyadmin.net
--
-- Host: localhost
-- Generation Time: Feb 26, 2019 at 06:00 ุต
-- Server version: 10.1.16-MariaDB
-- PHP Version: 7.0.9

SET SQL_MODE = "NO_AUTO_VALUE_ON_ZERO";
SET time_zone = "+00:00";


/*!40101 SET @OLD_CHARACTER_SET_CLIENT=@@CHARACTER_SET_CLIENT */;
/*!40101 SET @OLD_CHARACTER_SET_RESULTS=@@CHARACTER_SET_RESULTS */;
/*!40101 SET @OLD_COLLATION_CONNECTION=@@COLLATION_CONNECTION */;
/*!40101 SET NAMES utf8mb4 */;

--
-- Database: `eapi`
--

-- --------------------------------------------------------

--
-- Table structure for table `migrations`
--

CREATE TABLE `migrations` (
  `id` int(10) UNSIGNED NOT NULL,
  `migration` varchar(191) COLLATE utf8mb4_unicode_ci NOT NULL,
  `batch` int(11) NOT NULL
) ENGINE=InnoDB DEFAULT CHARSET=utf8mb4 COLLATE=utf8mb4_unicode_ci;

--
-- Dumping data for table `migrations`
--

INSERT INTO `migrations` (`id`, `migration`, `batch`) VALUES
(1, '2014_10_12_000000_create_users_table', 1),
(2, '2014_10_12_100000_create_password_resets_table', 1),
(3, '2019_02_25_132343_create_products_table', 1),
(4, '2019_02_25_132439_create_reviews_table', 1);

-- --------------------------------------------------------

--
-- Table structure for table `password_resets`
--

CREATE TABLE `password_resets` (
  `email` varchar(191) COLLATE utf8mb4_unicode_ci NOT NULL,
  `token` varchar(191) COLLATE utf8mb4_unicode_ci NOT NULL,
  `created_at` timestamp NULL DEFAULT NULL
) ENGINE=InnoDB DEFAULT CHARSET=utf8mb4 COLLATE=utf8mb4_unicode_ci;

-- --------------------------------------------------------

--
-- Table structure for table `products`
--

CREATE TABLE `products` (
  `id` int(10) UNSIGNED NOT NULL,
  `name` varchar(191) COLLATE utf8mb4_unicode_ci NOT NULL,
  `detail` text COLLATE utf8mb4_unicode_ci NOT NULL,
  `price` varchar(191) COLLATE utf8mb4_unicode_ci NOT NULL,
  `stock` int(11) NOT NULL,
  `discount` int(11) NOT NULL,
  `created_at` timestamp NULL DEFAULT NULL,
  `updated_at` timestamp NULL DEFAULT NULL
) ENGINE=InnoDB DEFAULT CHARSET=utf8mb4 COLLATE=utf8mb4_unicode_ci;

--
-- Dumping data for table `products`
--

INSERT INTO `products` (`id`, `name`, `detail`, `price`, `stock`, `discount`, `created_at`, `updated_at`) VALUES
(1, 'esse', 'Totam delectus non expedita quisquam. Ut cumque facere recusandae. Temporibus ullam voluptas consequatur culpa ut laborum reiciendis. Tempore officiis earum ab magnam iure cum.', '333', 8, 12, '2019-02-26 02:58:58', '2019-02-26 02:58:58'),
(2, 'similique', 'Voluptas sequi nemo et nobis rerum quis qui. Rerum iste nisi in omnis. Fugiat expedita id consectetur dolor. Facere voluptas voluptas eveniet totam. Quo nemo ea quasi praesentium voluptatem veritatis ea.', '207', 3, 17, '2019-02-26 02:58:58', '2019-02-26 02:58:58'),
(3, 'hic', 'Autem repellendus et fugiat nihil inventore iure laborum. Aut dolorem autem pariatur odio quia veritatis reprehenderit. Totam reiciendis et ex eum laborum veritatis alias atque. Porro consequuntur qui debitis consectetur.', '988', 1, 27, '2019-02-26 02:58:58', '2019-02-26 02:58:58'),
(4, 'vel', 'In et eum nihil aut quam consequatur totam. Eum maiores aperiam sed accusamus fugit excepturi. Repellat dignissimos suscipit iure assumenda consequatur. Blanditiis ea quia at quis eligendi.', '403', 9, 4, '2019-02-26 02:58:58', '2019-02-26 02:58:58'),
(5, 'praesentium', 'Ipsum voluptates fugit exercitationem eum rerum iste. Aut voluptas aliquid aut non laborum quasi. Sint qui ut optio architecto quasi rerum. Cupiditate cupiditate autem itaque molestias ipsa.', '849', 7, 2, '2019-02-26 02:58:58', '2019-02-26 02:58:58'),
(6, 'aliquam', 'Corporis placeat cupiditate temporibus aperiam. Non et repudiandae suscipit velit ab. Sint aut architecto facilis ducimus non alias nam.', '754', 9, 23, '2019-02-26 02:58:58', '2019-02-26 02:58:58'),
(7, 'ipsum', 'Vero soluta aut est et. Inventore totam est nam aliquid sed. Non ipsam doloremque quis quae.', '685', 5, 11, '2019-02-26 02:58:58', '2019-02-26 02:58:58'),
(8, 'cum', 'Et ducimus voluptatum id sint delectus iste. Quod ut est voluptas aut. Et quo quis laborum laborum qui omnis.', '973', 6, 15, '2019-02-26 02:58:58', '2019-02-26 02:58:58'),
(9, 'aut', 'Animi aspernatur quas architecto tenetur. Eum quia doloribus ipsam nisi rem ea. Sit fuga quam qui quo odit suscipit et dolor.', '963', 9, 21, '2019-02-26 02:58:58', '2019-02-26 02:58:58'),
(10, 'doloribus', 'Qui provident dolore voluptatem et magnam dolore. Ut est voluptate quam officiis autem est. Nam modi magnam nesciunt et ipsam et ut. Esse error est tenetur quia tempora eaque maiores. Ex maiores expedita nulla fuga ex ut voluptatum.', '944', 7, 22, '2019-02-26 02:58:58', '2019-02-26 02:58:58'),
(11, 'odit', 'Ut ut reiciendis quibusdam recusandae est in reiciendis. Voluptatem reiciendis ut dicta cum. Laborum ex ut ut doloremque ex praesentium aut. Velit fugiat est sed. Quis veritatis dolorem quidem sed perspiciatis labore.', '604', 7, 17, '2019-02-26 02:58:58', '2019-02-26 02:58:58'),
(12, 'aut', 'Rerum iste atque occaecati enim. Delectus provident dolorem exercitationem labore quaerat. Aut eaque eligendi quidem esse exercitationem dicta provident.', '953', 7, 7, '2019-02-26 02:58:58', '2019-02-26 02:58:58'),
(13, 'praesentium', 'Iure aut tenetur sapiente neque dolorum. Reprehenderit ab eum accusantium magnam consequuntur excepturi numquam. Molestiae modi maxime ducimus eos illum.', '157', 4, 9, '2019-02-26 02:58:58', '2019-02-26 02:58:58'),
(14, 'maiores', 'Fuga aut ipsum veniam omnis. Commodi vel exercitationem omnis tempore beatae animi. Est non atque sed nostrum eum quis qui.', '241', 5, 23, '2019-02-26 02:58:58', '2019-02-26 02:58:58'),
(15, 'omnis', 'Est fugit veniam eaque ea. Molestias tenetur aut omnis ab velit dolor. Dolorem quibusdam cumque delectus qui omnis in voluptatibus. Eos quidem dolorum suscipit enim deserunt possimus dolor.', '347', 3, 26, '2019-02-26 02:58:59', '2019-02-26 02:58:59'),
(16, 'rerum', 'Eum qui culpa saepe quisquam vitae. Perspiciatis veniam sapiente qui est nisi quos dolores. Beatae dolore culpa quia explicabo alias quam sed.', '127', 7, 4, '2019-02-26 02:58:59', '2019-02-26 02:58:59'),
(17, 'ipsam', 'Aperiam voluptas quam at nobis labore dolorem est. Suscipit voluptas impedit et beatae maxime molestiae. Beatae qui nihil explicabo non harum.', '635', 4, 17, '2019-02-26 02:58:59', '2019-02-26 02:58:59'),
(18, 'quod', 'Dolor est libero et sit possimus ab. Earum dignissimos ratione magni tenetur reiciendis cupiditate. Cumque incidunt doloremque aut. Id vel enim alias.', '457', 7, 29, '2019-02-26 02:58:59', '2019-02-26 02:58:59'),
(19, 'aperiam', 'Ratione sint id praesentium ipsa. Facere illo provident necessitatibus quae facere repellat. Cupiditate fugiat nemo nobis qui voluptas tenetur saepe. Repudiandae est cupiditate quam possimus eius voluptate dolore.', '957', 8, 19, '2019-02-26 02:58:59', '2019-02-26 02:58:59'),
(20, 'recusandae', 'Maxime quisquam eos nulla eos omnis vero maiores. Qui voluptatem ipsam suscipit dolores. Et quae tenetur dolorum laboriosam. Et ab nemo ratione beatae ullam consequatur commodi earum.', '343', 2, 11, '2019-02-26 02:58:59', '2019-02-26 02:58:59'),
(21, 'veniam', 'Corporis consequuntur et aliquid iste. Nihil a aut vero quis inventore. Eius maxime optio aliquam vel tenetur sed repudiandae. Iste repellendus quae nisi aperiam id.', '866', 1, 3, '2019-02-26 02:58:59', '2019-02-26 02:58:59'),
(22, 'in', 'Qui consequatur adipisci sunt blanditiis reprehenderit et. Autem ut sed ut quasi. Placeat qui eligendi neque earum voluptatibus. Et rerum commodi quas quos officia.', '938', 7, 6, '2019-02-26 02:58:59', '2019-02-26 02:58:59'),
(23, 'magnam', 'Quis eum non et veniam qui dicta. A et quas qui reiciendis natus. Voluptatem repellendus officia et at numquam maxime. Nulla qui sapiente excepturi dolor.', '992', 5, 7, '2019-02-26 02:58:59', '2019-02-26 02:58:59'),
(24, 'amet', 'Illo aliquid atque itaque ipsum qui. Dolorem ut mollitia ut eligendi. Aut nulla quis adipisci aliquam. Neque odio delectus et sint.', '171', 3, 24, '2019-02-26 02:58:59', '2019-02-26 02:58:59'),
(25, 'est', 'Quas doloremque nostrum dolorem repudiandae. Illum perspiciatis qui quisquam ut.', '455', 4, 8, '2019-02-26 02:58:59', '2019-02-26 02:58:59'),
(26, 'enim', 'Enim iusto voluptatibus dicta. Et magnam omnis eligendi officiis. Ratione non pariatur accusantium est quod qui. Asperiores quam similique laboriosam libero veritatis.', '949', 2, 8, '2019-02-26 02:58:59', '2019-02-26 02:58:59'),
(27, 'esse', 'Perferendis voluptatem culpa eum quaerat. Velit atque deserunt quis ut ad asperiores corporis. Deserunt sed maiores corrupti quo veniam itaque voluptatem.', '112', 6, 17, '2019-02-26 02:58:59', '2019-02-26 02:58:59'),
(28, 'consequatur', 'Ratione ut aut autem. Harum aut architecto voluptatem omnis non sit. Odit nulla ad repellat aut et. Aliquid praesentium dolorem pariatur aut.', '945', 5, 15, '2019-02-26 02:58:59', '2019-02-26 02:58:59'),
(29, 'aut', 'Quasi et enim ex fugit doloremque tempore error excepturi. Et velit quod est soluta. Accusantium dolor est qui qui provident ea.', '270', 5, 14, '2019-02-26 02:58:59', '2019-02-26 02:58:59'),
(30, 'modi', 'Voluptatem totam vero quod et ipsam optio est. Perspiciatis officiis quis blanditiis odit id temporibus. Voluptatem officiis et ratione rerum vitae enim dolor.', '506', 0, 2, '2019-02-26 02:58:59', '2019-02-26 02:58:59'),
(31, 'error', 'Et ex est ut nisi et. Velit aut vel ut voluptatibus optio molestias quia possimus. Debitis placeat et tenetur sint.', '451', 9, 10, '2019-02-26 02:58:59', '2019-02-26 02:58:59'),
(32, 'quasi', 'Perspiciatis eum et et nihil similique commodi. Id natus vel occaecati tempora. Et impedit exercitationem sed minus eum. Architecto voluptatum quo necessitatibus rerum ullam maiores.', '719', 6, 29, '2019-02-26 02:58:59', '2019-02-26 02:58:59'),
(33, 'optio', 'Dolorem et molestias ab laboriosam aut magni. Et in qui commodi. Qui natus qui repellat laudantium. Quidem fuga quia enim eligendi totam a minus.', '904', 8, 14, '2019-02-26 02:58:59', '2019-02-26 02:58:59'),
(34, 'deserunt', 'Ex quam occaecati maxime quasi deleniti. Est ratione aut tempore eos. Consequatur dolorem blanditiis excepturi voluptatem tenetur quas. Est consequatur sit suscipit ut fugiat eaque quis et.', '953', 3, 15, '2019-02-26 02:59:00', '2019-02-26 02:59:00'),
(35, 'veritatis', 'A voluptatibus unde rem voluptas dolor dolorum sed ratione. Dolorum earum earum laudantium aliquam est sit. Quam magni suscipit enim omnis. Nam inventore sed mollitia laborum eum at sit exercitationem.', '718', 9, 30, '2019-02-26 02:59:00', '2019-02-26 02:59:00'),
(36, 'velit', 'Commodi enim ea explicabo illo velit molestias. Autem hic modi est eligendi. Suscipit ut beatae voluptatibus ea excepturi.', '739', 6, 29, '2019-02-26 02:59:00', '2019-02-26 02:59:00'),
(37, 'eos', 'Maiores ea doloremque quos provident qui alias omnis. Neque at quod tempore exercitationem. Labore maxime a non illo sapiente corrupti.', '984', 6, 26, '2019-02-26 02:59:00', '2019-02-26 02:59:00'),
(38, 'ipsum', 'Non est totam aliquam et a quis. Ratione enim illum magni tempora odit accusantium consectetur. Dignissimos et velit sit amet. Exercitationem id ducimus nihil natus.', '174', 8, 19, '2019-02-26 02:59:00', '2019-02-26 02:59:00'),
(39, 'eveniet', 'Repellendus et quod veritatis beatae. Ullam eveniet est at eos omnis vel. Suscipit velit iusto nostrum distinctio nobis quia earum repudiandae. Impedit illum consequatur alias.', '819', 4, 30, '2019-02-26 02:59:00', '2019-02-26 02:59:00'),
(40, 'tenetur', 'Ratione perspiciatis labore ipsa tempore corrupti repellendus. Sint qui pariatur aperiam deleniti incidunt.', '752', 4, 25, '2019-02-26 02:59:00', '2019-02-26 02:59:00'),
(41, 'sunt', 'Architecto porro qui excepturi voluptas alias tempora. Vel ab iure quo qui error sed blanditiis. Illum quia asperiores quis rerum aut dicta eum.', '558', 2, 30, '2019-02-26 02:59:00', '2019-02-26 02:59:00'),
(42, 'molestiae', 'Possimus et laboriosam itaque quas. Commodi sunt eaque dolorem quia aspernatur est mollitia. Tempora non sint nam et dignissimos at in possimus. Voluptatem laudantium unde similique quia inventore aut nobis et.', '693', 4, 13, '2019-02-26 02:59:00', '2019-02-26 02:59:00'),
(43, 'sunt', 'Est molestiae libero nemo a ipsa. Molestiae non ducimus architecto quis eum. Quo qui voluptatem corrupti. Et reprehenderit accusamus sit ducimus.', '423', 4, 11, '2019-02-26 02:59:00', '2019-02-26 02:59:00'),
(44, 'et', 'Quis rem fuga omnis impedit laborum. Vel nisi voluptatibus nemo ratione consequatur reprehenderit. Quia non asperiores sapiente quis autem eum.', '741', 8, 14, '2019-02-26 02:59:00', '2019-02-26 02:59:00'),
(45, 'id', 'Sunt maiores in et pariatur. Voluptas maiores veniam inventore sed quia corporis. Quo aut laborum ad ipsa.', '537', 1, 15, '2019-02-26 02:59:00', '2019-02-26 02:59:00'),
(46, 'vel', 'Deleniti dolore deserunt est culpa nam. Eos tenetur quaerat magni sint consectetur laboriosam.', '670', 2, 9, '2019-02-26 02:59:00', '2019-02-26 02:59:00'),
(47, 'sunt', 'Qui ut ad aut ex. Minima minima et pariatur non. In nobis qui eos qui inventore quia perspiciatis.', '482', 0, 24, '2019-02-26 02:59:00', '2019-02-26 02:59:00'),
(48, 'qui', 'Ut et ad sint laborum. Aliquid dolores minima minima at ipsam eaque. Ea necessitatibus nobis est esse.', '977', 5, 13, '2019-02-26 02:59:00', '2019-02-26 02:59:00'),
(49, 'aperiam', 'Sunt earum molestiae eveniet. Aspernatur illo magni ea. Et dolorem hic voluptate iste pariatur corrupti at. Reprehenderit nulla et quo totam nesciunt rem expedita.', '953', 5, 4, '2019-02-26 02:59:00', '2019-02-26 02:59:00'),
(50, 'qui', 'Ad illum nihil aut optio tempore facilis consequatur. Distinctio sint nemo reiciendis soluta quasi natus ipsa. Voluptas odit occaecati reiciendis facilis.', '156', 6, 6, '2019-02-26 02:59:00', '2019-02-26 02:59:00');

-- --------------------------------------------------------

--
-- Table structure for table `reviews`
--

CREATE TABLE `reviews` (
  `id` int(10) UNSIGNED NOT NULL,
  `product_id` int(10) UNSIGNED NOT NULL,
  `customer` varchar(191) COLLATE utf8mb4_unicode_ci NOT NULL,
  `review` text COLLATE utf8mb4_unicode_ci NOT NULL,
  `star` int(11) NOT NULL,
  `created_at` timestamp NULL DEFAULT NULL,
  `updated_at` timestamp NULL DEFAULT NULL
) ENGINE=InnoDB DEFAULT CHARSET=utf8mb4 COLLATE=utf8mb4_unicode_ci;

--
-- Dumping data for table `reviews`
--

INSERT INTO `reviews` (`id`, `product_id`, `customer`, `review`, `star`, `created_at`, `updated_at`) VALUES
(1, 23, 'Tyrel Jacobson', 'Alias esse vero eos qui culpa. Sed sit nemo iste saepe sequi autem culpa. Ea vero repudiandae ullam odio dicta.', 0, '2019-02-26 02:59:01', '2019-02-26 02:59:01'),
(2, 5, 'Johnson Lynch', 'Quia quae repudiandae est numquam soluta. Est sit quia assumenda ut ut. Earum similique numquam natus quos nihil aut et.', 1, '2019-02-26 02:59:01', '2019-02-26 02:59:01'),
(3, 39, 'Anissa Ebert', 'Autem et quam numquam quod ducimus. Magnam distinctio quae dolorem est pariatur. Saepe et officiis sed quos vel sit vel.', 3, '2019-02-26 02:59:01', '2019-02-26 02:59:01'),
(4, 31, 'Iliana Connelly', 'Doloribus velit quidem consectetur facere. Vitae id vel nulla aspernatur qui. Est consequatur aut voluptatum alias quam eum.', 3, '2019-02-26 02:59:01', '2019-02-26 02:59:01'),
(5, 23, 'Prof. Richard Kohler Jr.', 'Odio sit architecto sed tempora quam aspernatur quia. Sint aspernatur quaerat fugit amet. Facere maiores et ipsum voluptas id.', 2, '2019-02-26 02:59:01', '2019-02-26 02:59:01'),
(6, 41, 'Gaylord Turner Sr.', 'Quam enim et voluptatem. Exercitationem in voluptatibus beatae. Harum ad consequatur est doloremque qui aperiam qui iure.', 0, '2019-02-26 02:59:01', '2019-02-26 02:59:01'),
(7, 13, 'Katarina Schuster', 'Consequatur qui eveniet eum eos consequatur reprehenderit. Dignissimos eligendi voluptatem veniam nobis similique est velit. Qui est porro odio repellendus beatae.', 2, '2019-02-26 02:59:01', '2019-02-26 02:59:01'),
(8, 44, 'Carrie Rippin', 'Ut sunt dolores adipisci inventore aut sit voluptatem. Esse consequatur sunt repellendus mollitia quasi consectetur tempore provident. Minus non in possimus labore atque molestiae eum. Explicabo vel fugit illum itaque et. Fugiat eos est eum et enim rerum.', 1, '2019-02-26 02:59:01', '2019-02-26 02:59:01'),
(9, 11, 'Citlalli Walter', 'Veniam amet autem debitis expedita. Sit incidunt aliquid qui labore ut. Quidem maxime et hic eos.', 2, '2019-02-26 02:59:01', '2019-02-26 02:59:01'),
(10, 35, 'Nona Rau', 'Qui amet dolorem ipsum dolor. Temporibus ad accusantium sunt nesciunt autem dolor. Repellat ducimus cum officiis enim rem excepturi.', 2, '2019-02-26 02:59:01', '2019-02-26 02:59:01'),
(11, 21, 'Issac Rosenbaum', 'Laborum accusamus dolorem repellendus ut. Qui reiciendis commodi similique delectus laudantium. Sint similique doloribus quis dolorem aut. Vitae est reiciendis repudiandae quia aut quia totam illum.', 0, '2019-02-26 02:59:01', '2019-02-26 02:59:01'),
(12, 49, 'Fabian Green', 'Qui odio odio non sapiente est. Numquam omnis aut voluptas tempora possimus id ex. Dolorum fugit quia aspernatur aut sed. Quo saepe nostrum ducimus sint expedita architecto tenetur ea.', 0, '2019-02-26 02:59:01', '2019-02-26 02:59:01'),
(13, 14, 'Jayne Block DVM', 'Nesciunt consequatur molestiae facere et doloremque. Quia ut tempora in inventore cupiditate. Itaque quod magnam incidunt aut qui est.', 1, '2019-02-26 02:59:02', '2019-02-26 02:59:02'),
(14, 39, 'Miss Tiffany Murray IV', 'Odio magnam sed atque modi. Tenetur aut placeat facilis quia laborum. Iure eveniet et et aspernatur ipsam.', 2, '2019-02-26 02:59:02', '2019-02-26 02:59:02'),
(15, 49, 'Miss Delphine Zemlak', 'Aut voluptatibus et corporis. Et distinctio corrupti culpa possimus. At praesentium cupiditate consequuntur.', 5, '2019-02-26 02:59:02', '2019-02-26 02:59:02'),
(16, 19, 'Mrs. Jordane West', 'Sit et veniam quisquam sed. Cupiditate at velit animi error saepe. Perspiciatis eum dicta odit. Libero nemo explicabo ut sint quia.', 3, '2019-02-26 02:59:02', '2019-02-26 02:59:02'),
(17, 6, 'Ms. Margarete Jakubowski II', 'Quo dolores magnam ipsum autem. Non voluptas et et iste. Quia et quisquam accusamus dolore et. Et et reiciendis dolorem porro dolore.', 1, '2019-02-26 02:59:02', '2019-02-26 02:59:02'),
(18, 4, 'Kamryn Bashirian', 'Nisi error ducimus voluptatum asperiores aliquid iure. Asperiores fuga voluptatibus consequuntur perferendis laboriosam. Doloribus earum omnis facilis ut molestias rerum.', 2, '2019-02-26 02:59:02', '2019-02-26 02:59:02'),
(19, 4, 'Dr. Keon Mueller', 'Incidunt quia a quam placeat porro architecto eaque. Unde autem impedit quo ut in quae debitis vel. Aut et id saepe ea impedit quasi sint occaecati.', 1, '2019-02-26 02:59:02', '2019-02-26 02:59:02'),
(20, 24, 'Sylvia Rowe', 'Aut atque quos et quae qui. Incidunt iste consequuntur natus sunt est. Omnis omnis doloremque minus aspernatur incidunt quia autem. Cumque reprehenderit beatae adipisci expedita earum consequatur.', 5, '2019-02-26 02:59:02', '2019-02-26 02:59:02'),
(21, 18, 'Lilliana Sanford', 'Sunt nam voluptate omnis rerum architecto. Atque rerum ratione assumenda. Consequatur veniam voluptas nobis eius nam. Laudantium iure dicta commodi.', 1, '2019-02-26 02:59:02', '2019-02-26 02:59:02'),
(22, 19, 'Arturo Thiel', 'Eligendi voluptatum aliquam dolores. Eaque aliquam velit enim aut voluptatem. Quis voluptatem ut laboriosam architecto. Itaque et amet sunt sapiente dolores repellendus magni.', 4, '2019-02-26 02:59:02', '2019-02-26 02:59:02'),
(23, 19, 'Miss Colleen West', 'Aperiam nihil dolorem accusantium cum consequatur quia. Ut atque accusamus et autem. Id ut quod enim ab dolores. Quos similique vel ullam molestiae repellat. Est temporibus voluptates aut sint.', 2, '2019-02-26 02:59:02', '2019-02-26 02:59:02'),
(24, 15, 'Shayna Mosciski IV', 'Ut in officiis aut ad vitae aliquam laboriosam fuga. Voluptatibus quo mollitia sapiente sit eos. Repudiandae ipsum cumque sunt velit. Repudiandae laudantium ex sunt dolore perferendis.', 0, '2019-02-26 02:59:02', '2019-02-26 02:59:02'),
(25, 28, 'Yvonne Adams', 'Enim placeat voluptatem vitae rem aut. Ut voluptatum laborum consequuntur nobis molestiae ipsum. Dolore consequatur qui adipisci quia. Quibusdam aut qui aut reprehenderit.', 4, '2019-02-26 02:59:02', '2019-02-26 02:59:02'),
(26, 9, 'Hosea Block', 'Quo molestiae accusantium nihil ab. Rem rerum dolorem voluptate nemo officia quaerat aspernatur.', 0, '2019-02-26 02:59:02', '2019-02-26 02:59:02'),
(27, 22, 'Ms. Jayda Fisher III', 'Aut quas molestiae facere ratione unde ex error voluptatem. Perspiciatis aliquam ut accusantium in ut sed. Non minus quis aut voluptas molestiae est.', 0, '2019-02-26 02:59:02', '2019-02-26 02:59:02'),
(28, 42, 'Mr. Austen Friesen', 'Esse molestiae qui dolores consequatur accusantium. Voluptatibus praesentium quod ut. Non est quo sit qui autem. Et eos hic nesciunt sunt et. Ipsum tempora iste eos quos doloribus.', 1, '2019-02-26 02:59:02', '2019-02-26 02:59:02'),
(29, 9, 'Mireya Rolfson', 'Velit consequuntur sit corrupti qui nostrum quae ducimus. Neque eos recusandae ad corrupti beatae. Quam quod architecto dolore qui. Et maiores nisi voluptatem consequuntur in possimus.', 0, '2019-02-26 02:59:02', '2019-02-26 02:59:02'),
(30, 9, 'Jesus Crooks', 'Sed labore aut esse omnis illo et. Veritatis perspiciatis rem repudiandae quasi. Libero suscipit nisi sit eos in voluptates eveniet. Illo quis harum quaerat modi cum enim.', 3, '2019-02-26 02:59:02', '2019-02-26 02:59:02'),
(31, 21, 'Hortense Kemmer DVM', 'Sed nisi nemo et. Voluptate est at similique vero adipisci.', 3, '2019-02-26 02:59:02', '2019-02-26 02:59:02'),
(32, 34, 'Prof. Elenora Schowalter', 'Dolorem temporibus eveniet optio aut occaecati. Accusantium dolor earum minima ab placeat ullam laboriosam. Magnam atque et et. Iusto perferendis est quia atque in non voluptatem excepturi. Dolor voluptatem facere illo.', 5, '2019-02-26 02:59:02', '2019-02-26 02:59:02'),
(33, 30, 'Dr. Loraine Bayer PhD', 'Voluptatem quis fuga est hic omnis. A optio praesentium eveniet impedit. Quasi et sit suscipit voluptates consequatur. Velit recusandae maxime non debitis.', 2, '2019-02-26 02:59:02', '2019-02-26 02:59:02'),
(34, 28, 'Mandy Medhurst', 'Aut enim quaerat amet. Nam natus qui voluptatem. Nihil nemo amet error voluptatem. Incidunt aliquid laboriosam et numquam est et magnam. Adipisci quidem qui est ut maiores molestiae aut aspernatur.', 1, '2019-02-26 02:59:02', '2019-02-26 02:59:02'),
(35, 24, 'Prof. Cordia Schoen Sr.', 'Ut illum aperiam dicta culpa cupiditate enim doloremque. Labore aut magnam sed laborum illo id voluptates. Quisquam quasi hic veritatis aliquam molestiae est non.', 5, '2019-02-26 02:59:03', '2019-02-26 02:59:03'),
(36, 17, 'Reta Buckridge', 'Quae aut enim est mollitia doloribus saepe quae. Quam ut delectus eum ex reiciendis minus. At debitis quos excepturi totam.', 0, '2019-02-26 02:59:03', '2019-02-26 02:59:03'),
(37, 32, 'Clement Lang PhD', 'Ea eum numquam quibusdam ipsam ut. Tempora et rem qui molestias. Deserunt nihil sint qui non nihil earum.', 3, '2019-02-26 02:59:03', '2019-02-26 02:59:03'),
(38, 20, 'Prof. Samir Herzog IV', 'Quam soluta molestiae qui natus beatae magnam aut nemo. Iusto non at qui quod autem illum ad.', 3, '2019-02-26 02:59:03', '2019-02-26 02:59:03'),
(39, 42, 'Arvid Mraz', 'In nulla magni et. Totam voluptatem aut ut occaecati. Recusandae dolorem vitae facilis accusamus recusandae est.', 5, '2019-02-26 02:59:03', '2019-02-26 02:59:03'),
(40, 8, 'Herminia Ruecker', 'Modi sed nihil sed. Ad fuga eveniet molestias impedit. Commodi quidem non consequatur iusto. Quas nemo necessitatibus a fuga at ea.', 4, '2019-02-26 02:59:03', '2019-02-26 02:59:03'),
(41, 12, 'Frederique Murphy', 'Et perferendis sunt et voluptas quis aut. Possimus inventore voluptatem veritatis enim aut ipsa doloremque hic. Magnam temporibus deserunt quis cum voluptatem nihil deleniti. Occaecati fugiat animi et sunt.', 1, '2019-02-26 02:59:03', '2019-02-26 02:59:03'),
(42, 9, 'Ms. Candida Wilderman', 'Nihil et molestiae nesciunt laudantium eos ipsum minima. Quaerat deleniti est dignissimos accusantium officiis iste et. Eveniet suscipit corrupti dignissimos ut. Praesentium corporis velit voluptatibus in modi.', 5, '2019-02-26 02:59:03', '2019-02-26 02:59:03'),
(43, 50, 'Camille Hermann', 'Quod accusamus enim tempore veniam expedita. Eveniet architecto quis recusandae non dicta ipsa quia excepturi. Eos quis dolore est ea.', 3, '2019-02-26 02:59:03', '2019-02-26 02:59:03'),
(44, 1, 'Malika Lehner', 'Soluta reiciendis est ut officiis commodi. Repudiandae ea neque eos ea eveniet. Modi eos blanditiis sint enim animi ducimus et.', 0, '2019-02-26 02:59:03', '2019-02-26 02:59:03'),
(45, 24, 'Ben West', 'Ipsum et earum et placeat sequi. Dolores unde est laboriosam. Illum soluta dolor magni explicabo.', 5, '2019-02-26 02:59:03', '2019-02-26 02:59:03'),
(46, 14, 'Mayra Beier', 'Dicta dolorem saepe temporibus nihil esse. Dolor ex et recusandae rerum ab voluptas sequi. Nihil quaerat quidem corporis.', 4, '2019-02-26 02:59:03', '2019-02-26 02:59:03'),
(47, 4, 'Tyreek Casper', 'Omnis ea tempore error porro. Aut praesentium ea aut non ut cum aperiam. Molestiae perferendis cupiditate maiores et sit nisi autem nesciunt.', 2, '2019-02-26 02:59:03', '2019-02-26 02:59:03'),
(48, 35, 'Barton Bednar', 'Aliquam corrupti aspernatur explicabo corrupti et. Tenetur sint a rerum et corrupti cumque perspiciatis. Possimus quis quis in voluptates ut officiis. Aut cum maxime esse qui.', 5, '2019-02-26 02:59:03', '2019-02-26 02:59:03'),
(49, 45, 'Frederic Orn', 'Ex quidem ullam et aut harum iure. Labore sunt mollitia nesciunt sint sint possimus. Omnis sed error est debitis. Cum quo placeat odit quia autem sunt.', 3, '2019-02-26 02:59:03', '2019-02-26 02:59:03'),
(50, 17, 'Miss Marie Gislason MD', 'Dolores laborum quaerat molestias qui vero. Aut fuga et ad consequatur dolorum saepe eum. Sed est in aut est adipisci ratione.', 4, '2019-02-26 02:59:03', '2019-02-26 02:59:03'),
(51, 32, 'Geo Bayer', 'Officia dolorem et consectetur et. Delectus reprehenderit delectus et porro maiores eos est.', 5, '2019-02-26 02:59:03', '2019-02-26 02:59:03'),
(52, 12, 'Monserrate Wolff', 'Tempora ipsum est facere ipsum corrupti ut. Amet asperiores incidunt architecto eius. Nesciunt soluta voluptas sit sunt nisi.', 1, '2019-02-26 02:59:03', '2019-02-26 02:59:03'),
(53, 48, 'Dr. Cordia Schulist II', 'Eligendi expedita officia suscipit et voluptate ullam quasi. Optio natus et quidem optio officia quisquam. Fugit deleniti sunt aut ea dolorem tempora.', 5, '2019-02-26 02:59:04', '2019-02-26 02:59:04'),
(54, 43, 'Dr. Akeem Hudson DDS', 'Quos et iste sed. In temporibus id mollitia. Quia voluptas vero nisi tenetur iste ut voluptatem. In assumenda adipisci perspiciatis et aut.', 5, '2019-02-26 02:59:04', '2019-02-26 02:59:04'),
(55, 19, 'Jacinto Kerluke', 'Ut quasi et suscipit hic enim. Repellat voluptates maxime eius. Deleniti modi omnis quos unde nam. Earum modi laudantium aut error maxime qui reiciendis.', 1, '2019-02-26 02:59:04', '2019-02-26 02:59:04'),
(56, 15, 'Madonna Klein II', 'Id deleniti sit itaque magni error tempore. Veritatis quo veniam rerum qui quibusdam dolorem quibusdam. Sequi et consequatur repellat impedit laudantium ut.', 3, '2019-02-26 02:59:04', '2019-02-26 02:59:04'),
(57, 28, 'Yasmin Walker', 'Sit eum exercitationem dignissimos omnis aliquid laudantium. Atque repudiandae accusantium tempora asperiores. Dolor voluptas aut quo odit natus alias ipsa.', 4, '2019-02-26 02:59:04', '2019-02-26 02:59:04'),
(58, 21, 'Prof. Tess Grimes MD', 'Facilis laborum a asperiores quisquam aperiam qui necessitatibus perspiciatis. Et quo enim quia explicabo harum quo quis quam. Rerum itaque quas eaque delectus asperiores aut provident. Nobis vitae beatae veniam eos repudiandae enim aut. Facere qui veniam numquam aut autem modi.', 1, '2019-02-26 02:59:04', '2019-02-26 02:59:04'),
(59, 10, 'Brannon Shanahan', 'Rerum dolor neque et fuga. Est qui blanditiis quas architecto incidunt. Similique necessitatibus molestias ipsa. Nostrum temporibus cum accusantium.', 3, '2019-02-26 02:59:04', '2019-02-26 02:59:04'),
(60, 34, 'Mr. Cordelia Brakus Sr.', 'Ex labore quos possimus earum. Dolorum qui sequi veritatis. Ut sit maxime hic aut adipisci temporibus aut.', 1, '2019-02-26 02:59:04', '2019-02-26 02:59:04'),
(61, 34, 'Lilyan Champlin', 'Saepe quasi corporis magni enim aut et quia. Velit debitis delectus sed harum. Impedit ut aperiam dolore quas voluptatibus sed. Ut eaque modi officia laudantium recusandae nemo tempore sit. Reiciendis qui deleniti commodi ut quisquam non iure.', 4, '2019-02-26 02:59:04', '2019-02-26 02:59:04'),
(62, 20, 'Prof. Flavio Raynor I', 'Et perferendis ut aut aut numquam sint aut vero. Suscipit vitae minima qui similique autem aut provident et. Corporis quasi quia error commodi minus harum. Cum optio harum ducimus tempore aperiam nesciunt eligendi.', 5, '2019-02-26 02:59:04', '2019-02-26 02:59:04'),
(63, 48, 'Joanne Bogan', 'Dolore maxime porro tempora et reiciendis. Eligendi excepturi est iste cum et unde. Optio saepe incidunt doloribus iste magni. Ullam voluptas nostrum qui quibusdam.', 2, '2019-02-26 02:59:04', '2019-02-26 02:59:04'),
(64, 43, 'Carmela Haag', 'Odio aut est repudiandae soluta exercitationem est. Architecto assumenda amet laboriosam molestias aut qui veniam. Et amet accusantium recusandae vero sed nulla inventore molestiae.', 0, '2019-02-26 02:59:04', '2019-02-26 02:59:04'),
(65, 45, 'Chadd Labadie', 'Saepe est consequatur consequuntur reprehenderit et quisquam qui. Hic consequuntur et illo magnam numquam. Nihil ut aperiam voluptatem dolores accusantium tempore atque sunt. Earum nam optio aut sint reiciendis.', 5, '2019-02-26 02:59:04', '2019-02-26 02:59:04'),
(66, 27, 'Elenora Ledner', 'Harum reiciendis asperiores velit esse aut dolore est suscipit. Numquam autem qui nisi. Illum odio dolor est illo unde ad velit velit.', 1, '2019-02-26 02:59:04', '2019-02-26 02:59:04'),
(67, 11, 'Heidi Durgan IV', 'Qui ut autem ut atque. Sit rerum dolorem nihil consequuntur. Cumque nulla similique nobis ea error atque.', 3, '2019-02-26 02:59:04', '2019-02-26 02:59:04'),
(68, 27, 'Prof. Alva Parker I', 'Quod voluptatem velit est minima. Qui ratione expedita est ad ducimus commodi. Ad qui repellendus tempore sint aut officia necessitatibus. Quae libero eum sunt autem accusantium modi culpa.', 5, '2019-02-26 02:59:04', '2019-02-26 02:59:04'),
(69, 17, 'Kenyatta King', 'Eum non numquam aliquam corrupti dolorem iusto laborum quia. Dignissimos voluptas recusandae quis eligendi saepe.', 1, '2019-02-26 02:59:04', '2019-02-26 02:59:04'),
(70, 15, 'Tyler Simonis', 'Id consequuntur velit sapiente harum debitis. Consequuntur molestiae dolor repellat sunt. Ex tempore distinctio architecto officia. Eius ea cupiditate minima numquam molestias.', 1, '2019-02-26 02:59:04', '2019-02-26 02:59:04'),
(71, 30, 'Mr. Roberto Prosacco', 'Id qui tenetur saepe quo dignissimos tempora. Nemo sint sunt quod sit quis nostrum. Et voluptatem sint autem occaecati magnam.', 1, '2019-02-26 02:59:04', '2019-02-26 02:59:04'),
(72, 30, 'Clay Glover', 'Enim quibusdam eum repellendus voluptatem eum est blanditiis ea. Libero iusto quae perspiciatis et laborum iste nobis. Quidem exercitationem consequuntur sed dignissimos. Quis enim possimus aut facilis et sint.', 3, '2019-02-26 02:59:04', '2019-02-26 02:59:04'),
(73, 39, 'Gabriella Haag', 'Qui ut quis quo molestiae. Est facilis veritatis animi qui voluptatem sapiente aliquid pariatur. Aliquid aspernatur quam dolore nisi ea quis. Illum dolores doloremque dolores molestiae.', 0, '2019-02-26 02:59:04', '2019-02-26 02:59:04'),
(74, 7, 'Dr. Jared Renner DDS', 'Hic voluptas et pariatur accusantium itaque fuga dolor. Odio dolores qui quo voluptas. Et commodi alias dolore quia delectus ratione. Quos possimus eveniet odit esse.', 0, '2019-02-26 02:59:05', '2019-02-26 02:59:05'),
(75, 15, 'Rae Fisher', 'Molestias consequatur assumenda quidem. Eveniet occaecati voluptas sint beatae reprehenderit illum. Itaque explicabo debitis cupiditate provident voluptas et.', 2, '2019-02-26 02:59:05', '2019-02-26 02:59:05'),
(76, 27, 'Lauryn Renner', 'Sit ab occaecati enim. Blanditiis velit distinctio aut. Necessitatibus officiis excepturi libero eum nemo.', 2, '2019-02-26 02:59:05', '2019-02-26 02:59:05'),
(77, 14, 'Dave Mante', 'Rerum animi nisi voluptas. Perferendis pariatur aut ipsam maiores aut atque ullam ut. Est doloremque voluptas fugit incidunt aut sint. Libero commodi impedit eligendi distinctio.', 5, '2019-02-26 02:59:05', '2019-02-26 02:59:05'),
(78, 18, 'Modesta Dibbert', 'Quia ullam voluptates consequatur ea ipsa neque. Consequuntur est fuga velit est qui in. In ipsa non aliquam quia dignissimos dignissimos officiis. Autem qui dolores nihil quia saepe quae.', 2, '2019-02-26 02:59:05', '2019-02-26 02:59:05'),
(79, 23, 'Mrs. Lizeth Volkman DDS', 'Distinctio mollitia vitae facilis quae error omnis tempore. Dolorum sint pariatur quae saepe voluptatum molestias. Alias voluptas praesentium quod et recusandae. Ut deleniti porro rerum placeat inventore velit.', 2, '2019-02-26 02:59:05', '2019-02-26 02:59:05'),
(80, 4, 'Prof. Maritza Von', 'Omnis dolore est quia consequatur. Soluta praesentium animi eum velit ut praesentium quaerat. Doloribus aut velit veritatis alias ullam sed saepe.', 5, '2019-02-26 02:59:05', '2019-02-26 02:59:05'),
(81, 4, 'Prof. Ari Murphy PhD', 'Quod molestiae ratione similique. Fugiat amet enim cupiditate magni non dolores. Id aperiam nulla in praesentium numquam et et voluptate. Sunt recusandae eum veniam repellendus in voluptatum.', 3, '2019-02-26 02:59:05', '2019-02-26 02:59:05'),
(82, 35, 'Dr. Alana Miller DVM', 'Suscipit nemo minus dolorem eos. Accusantium ratione aliquam asperiores tenetur. Rerum soluta ea sunt quibusdam totam. Hic perferendis sunt dolor sint. Qui distinctio sed dicta.', 2, '2019-02-26 02:59:05', '2019-02-26 02:59:05'),
(83, 48, 'Prof. Lulu Gusikowski I', 'Iste rerum rerum ut ea est. Eius molestiae omnis deleniti. Id et possimus voluptatum.', 1, '2019-02-26 02:59:05', '2019-02-26 02:59:05'),
(84, 37, 'Leonie Runte', 'Commodi et beatae voluptas voluptate beatae. Veniam modi repellendus ut cum eos. Aut veniam illum nulla molestiae. Dolores sit sed asperiores magni inventore voluptatem.', 5, '2019-02-26 02:59:05', '2019-02-26 02:59:05'),
(85, 30, 'Mariela Wolf', 'Commodi placeat consequuntur sit reiciendis et doloremque vel. Ipsa quia voluptas fugit eaque. Soluta vel deserunt incidunt in excepturi voluptatem eligendi et.', 0, '2019-02-26 02:59:05', '2019-02-26 02:59:05'),
(86, 19, 'Keaton Kemmer', 'Sed voluptatem consequuntur vel perspiciatis. Vero veritatis dolorem sint dignissimos veniam rerum tenetur. Illo ab in et maiores voluptatibus aut.', 5, '2019-02-26 02:59:05', '2019-02-26 02:59:05'),
(87, 43, 'Elouise Ortiz', 'Perferendis sit sed qui quis delectus soluta maiores. Deserunt est officia ratione ducimus.', 0, '2019-02-26 02:59:05', '2019-02-26 02:59:05'),
(88, 38, 'Hoyt Littel IV', 'Asperiores tenetur ipsum velit omnis quia. Mollitia similique consequatur aut cum. Autem doloremque voluptatem quia quam.', 2, '2019-02-26 02:59:05', '2019-02-26 02:59:05'),
(89, 28, 'Mrs. Lesly Lind', 'Laborum voluptatum enim est debitis. Laboriosam temporibus inventore voluptatem non molestiae architecto dolor. Expedita veniam aut enim.', 5, '2019-02-26 02:59:05', '2019-02-26 02:59:05'),
(90, 31, 'Mr. Deshaun Osinski', 'Ex ut voluptatum sint sunt consequatur quia. Rerum qui asperiores earum iure sequi est repellendus. Animi repellendus amet ut voluptatem non ad placeat voluptatem.', 1, '2019-02-26 02:59:05', '2019-02-26 02:59:05'),
(91, 43, 'Dion Nikolaus', 'Perferendis nemo repudiandae modi et sint et. Unde et cumque repellendus eos. Ducimus omnis necessitatibus debitis dignissimos.', 4, '2019-02-26 02:59:05', '2019-02-26 02:59:05'),
(92, 18, 'Dr. Zachariah Stehr', 'Libero accusamus eaque quia qui eaque. Non blanditiis sit laborum neque atque repellendus voluptates accusamus. Dolore ut ea corporis est quas. Doloremque vero maiores cumque voluptatibus et rerum.', 1, '2019-02-26 02:59:05', '2019-02-26 02:59:05'),
(93, 36, 'Dr. Madonna Rath', 'Commodi beatae reprehenderit deserunt laudantium laborum dolore in. Et eligendi commodi sed necessitatibus omnis. Amet eaque modi aut voluptatem cumque id deleniti. Dolores quia inventore vel ad numquam similique accusantium.', 1, '2019-02-26 02:59:06', '2019-02-26 02:59:06'),
(94, 43, 'Mr. Edgardo Boyer Jr.', 'Voluptatum illo nobis atque cumque et ullam nostrum tempore. Voluptate placeat id blanditiis aut et. Tempore quod tempore quas quisquam. Rem ab et ipsum voluptate eum amet harum.', 5, '2019-02-26 02:59:06', '2019-02-26 02:59:06'),
(95, 30, 'Mr. Cielo Hansen', 'Perspiciatis molestiae magnam maiores sint deleniti animi. Quia mollitia autem est officia debitis. Quia voluptatem mollitia temporibus nihil accusantium ea. Perferendis et voluptatibus omnis deleniti vero sed neque.', 3, '2019-02-26 02:59:06', '2019-02-26 02:59:06'),
(96, 49, 'Oleta Mayer II', 'Et corporis consectetur inventore harum in eaque aliquam. Porro doloribus ea magnam beatae at cupiditate quod. Quis impedit dolorem sit qui tenetur.', 2, '2019-02-26 02:59:06', '2019-02-26 02:59:06'),
(97, 43, 'Esta Schuppe', 'Deleniti eius saepe excepturi iure est. Deleniti et nostrum iure nemo sint error. Nostrum repudiandae nemo voluptas voluptas voluptatem aut.', 1, '2019-02-26 02:59:06', '2019-02-26 02:59:06'),
(98, 50, 'Dr. Devyn Kautzer PhD', 'Est aut et quod cupiditate accusantium labore similique. Quasi temporibus distinctio eligendi dolores debitis omnis sed. Ea est at sint voluptas tempora sequi voluptatem. Cum ipsum quasi saepe voluptas in.', 3, '2019-02-26 02:59:06', '2019-02-26 02:59:06'),
(99, 48, 'Sean Prosacco I', 'Recusandae harum totam modi. Vitae cumque facere occaecati amet facilis voluptatum. Consequatur tempora quidem eius ut ad.', 1, '2019-02-26 02:59:06', '2019-02-26 02:59:06'),
(100, 24, 'Hilario Luettgen', 'Voluptatem sequi esse ut explicabo. Omnis similique veniam quibusdam itaque. Voluptatum aut minima repellat adipisci. Nihil et unde nobis et natus dicta.', 1, '2019-02-26 02:59:06', '2019-02-26 02:59:06'),
(101, 48, 'Josianne Toy PhD', 'Omnis fuga autem dolores temporibus qui qui assumenda. Similique sapiente est consequatur aspernatur aut adipisci aliquid et. Voluptatibus est facilis architecto officiis.', 1, '2019-02-26 02:59:06', '2019-02-26 02:59:06'),
(102, 43, 'Kenyon Rogahn', 'Delectus rerum voluptas voluptas ratione. Ipsa veniam dolorum consequatur quos non dolor et eius. Quisquam voluptas maxime dolores ratione. Ea ut sequi deleniti a.', 3, '2019-02-26 02:59:06', '2019-02-26 02:59:06'),
(103, 18, 'Leopold Russel', 'Rerum totam deleniti rem sunt. Quo labore ipsam reprehenderit ad est dolor. Consequatur omnis accusamus alias sunt provident nostrum est iusto.', 3, '2019-02-26 02:59:06', '2019-02-26 02:59:06'),
(104, 42, 'Mrs. Jannie Wyman PhD', 'Error sed ut velit. Quas fugit ad id quidem. Expedita nihil similique assumenda qui.', 0, '2019-02-26 02:59:06', '2019-02-26 02:59:06'),
(105, 46, 'Darlene Connelly', 'Aut corporis possimus non quo omnis voluptate. Nam eaque consequatur nostrum voluptatem. Eius veritatis rem et dolorem est.', 5, '2019-02-26 02:59:06', '2019-02-26 02:59:06'),
(106, 49, 'Richie Hessel', 'Beatae sed est unde sit. In qui et omnis in exercitationem possimus. Eveniet et sint dicta eum aut inventore qui sunt. Similique dolorum aliquam voluptatem accusantium qui beatae iure nihil.', 1, '2019-02-26 02:59:06', '2019-02-26 02:59:06'),
(107, 12, 'Cora O''Conner I', 'Corrupti exercitationem quos sunt dolorum. Illo voluptate placeat dolor a. Sequi et omnis molestiae sint. Consequatur veritatis autem ut enim provident dolorem.', 2, '2019-02-26 02:59:06', '2019-02-26 02:59:06'),
(108, 49, 'Eduardo Renner', 'Ea totam incidunt temporibus quia delectus nisi vel. Blanditiis tenetur doloremque ut quod ab molestias non. Dolor consequatur non ipsa qui ut deleniti. Eum ut impedit soluta quas.', 3, '2019-02-26 02:59:06', '2019-02-26 02:59:06'),
(109, 9, 'Chad Green', 'Officiis et iusto rerum rem sunt sint totam doloribus. Ab itaque dolorem consequatur dolores labore et enim. Officia quis rerum asperiores doloremque et error. Vel reprehenderit necessitatibus ea quod non dolorem.', 2, '2019-02-26 02:59:07', '2019-02-26 02:59:07'),
(110, 43, 'Miss Daphney Schmeler', 'Iure dolor quaerat optio ut quibusdam perspiciatis. Laboriosam unde suscipit voluptas. Quo eos harum quae et earum consequatur quia.', 3, '2019-02-26 02:59:07', '2019-02-26 02:59:07'),
(111, 48, 'Dr. Eveline Mitchell', 'Et cumque impedit enim quibusdam et eaque. Expedita facere dicta at neque reiciendis provident at. Dolore quibusdam eveniet dignissimos.', 5, '2019-02-26 02:59:07', '2019-02-26 02:59:07'),
(112, 39, 'Alivia O''Conner Sr.', 'Voluptatem dignissimos dolorum rem. Quia repellendus veniam ratione et nesciunt. Et enim temporibus sed est et in voluptatibus.', 0, '2019-02-26 02:59:07', '2019-02-26 02:59:07'),
(113, 17, 'Avery Gorczany', 'Consequatur excepturi non assumenda aut ipsum architecto ut. Nulla eos aliquid dolorem maxime. Officia aut corporis alias exercitationem deserunt. Voluptatem cumque commodi maxime voluptatem ut.', 1, '2019-02-26 02:59:07', '2019-02-26 02:59:07'),
(114, 33, 'Gus Olson', 'Natus suscipit ea nemo. Velit dolores itaque quis magni. Nostrum exercitationem voluptatem qui. Consequatur eveniet sed commodi quis.', 3, '2019-02-26 02:59:07', '2019-02-26 02:59:07'),
(115, 18, 'Charley Lueilwitz', 'Sed consequatur consequuntur qui id deleniti. Similique molestias et minus error voluptate velit.', 2, '2019-02-26 02:59:07', '2019-02-26 02:59:07'),
(116, 7, 'Dr. Danielle Wilkinson', 'Ea vel ipsam suscipit harum enim molestiae ut et. Assumenda deleniti quo sed natus. Tenetur explicabo voluptatum a aspernatur porro excepturi dolorem. Ullam voluptatem et quod saepe aut.', 0, '2019-02-26 02:59:07', '2019-02-26 02:59:07'),
(117, 34, 'Adolphus Schimmel', 'Qui cum eum consequuntur similique consequatur ut ea sapiente. Labore ad voluptate nam qui rerum omnis totam itaque. Id nisi perspiciatis deleniti non sunt et. Eveniet esse libero vel modi qui temporibus accusantium asperiores.', 1, '2019-02-26 02:59:07', '2019-02-26 02:59:07'),
(118, 12, 'Chanel Brekke', 'Nobis autem et quasi nam iusto quibusdam nobis. Vitae delectus a nihil. Commodi quia asperiores deleniti quaerat vel quia. Ducimus eos quisquam corrupti sequi architecto aut. Distinctio et quo corrupti qui vel ea.', 5, '2019-02-26 02:59:07', '2019-02-26 02:59:07'),
(119, 19, 'Prof. Omer Flatley I', 'Libero ex iste aut magni. Ut labore voluptatibus voluptatem et et temporibus. Autem ut dolores consequatur accusamus non voluptas nisi.', 5, '2019-02-26 02:59:07', '2019-02-26 02:59:07'),
(120, 44, 'Prof. Jarrod Kovacek', 'Laudantium a amet pariatur voluptatum. Quis velit voluptate ratione perspiciatis. Sed tempore porro similique ut consequatur ut ut. Aut qui sed consequatur qui sed ratione.', 1, '2019-02-26 02:59:07', '2019-02-26 02:59:07'),
(121, 19, 'Dr. Levi Hamill', 'Ut voluptatem eum incidunt velit minus explicabo aut corporis. Praesentium dolor aut ut.', 1, '2019-02-26 02:59:07', '2019-02-26 02:59:07'),
(122, 25, 'Rickey Bradtke III', 'Error sapiente eius nihil deserunt odio nobis laborum. Et sequi sed facilis minus laborum nobis. Ipsum reprehenderit quod maxime quae.', 3, '2019-02-26 02:59:07', '2019-02-26 02:59:07'),
(123, 18, 'Prof. Teagan Konopelski', 'Voluptatem asperiores voluptas voluptatibus veniam. Consectetur expedita voluptates qui ad fugiat qui. Libero et ut numquam.', 0, '2019-02-26 02:59:07', '2019-02-26 02:59:07'),
(124, 1, 'Ron Rau', 'Officia maiores deserunt nesciunt corrupti. Iusto ipsum dolores dolores dolorum voluptatem corporis velit totam.', 1, '2019-02-26 02:59:07', '2019-02-26 02:59:07'),
(125, 44, 'Dr. Boyd Emmerich PhD', 'Repellendus harum aut et facilis. Eligendi nobis quia veritatis nisi mollitia hic est fugiat. Eum ut eum nisi aut ea quas.', 5, '2019-02-26 02:59:07', '2019-02-26 02:59:07'),
(126, 39, 'Mrs. Maeve Jacobi', 'Quo rem architecto fugiat eveniet animi quam praesentium qui. Nihil aliquam qui suscipit tempore. In nisi molestiae quidem dolore placeat omnis quia.', 5, '2019-02-26 02:59:07', '2019-02-26 02:59:07'),
(127, 18, 'Prof. Jake Kreiger PhD', 'Fuga ut maxime nesciunt est placeat consequatur amet. Ut nobis non et molestiae qui earum est. Libero aspernatur error qui optio voluptates.', 2, '2019-02-26 02:59:07', '2019-02-26 02:59:07'),
(128, 28, 'Mr. Douglas Lehner DDS', 'Qui recusandae magnam voluptas officiis unde impedit consequatur consequatur. Est corporis laborum sit. Qui optio minima voluptates.', 1, '2019-02-26 02:59:07', '2019-02-26 02:59:07'),
(129, 42, 'Prof. Janae Reinger', 'Earum et magni corrupti eum. Et a tenetur aliquam eum nulla.', 0, '2019-02-26 02:59:07', '2019-02-26 02:59:07'),
(130, 24, 'D''angelo Farrell', 'Odio ut recusandae labore. Veritatis aspernatur ad nemo quo aliquam. Ea dolores laudantium quia omnis.', 1, '2019-02-26 02:59:07', '2019-02-26 02:59:07'),
(131, 39, 'Miss Amber Goodwin', 'Ullam exercitationem quam vel tenetur. Esse qui quia quia reiciendis beatae fugit ut. Porro corporis earum nemo aspernatur.', 1, '2019-02-26 02:59:07', '2019-02-26 02:59:07'),
(132, 25, 'Vickie Hudson', 'Quaerat inventore velit quidem mollitia. Quis tempore cupiditate quis similique molestiae et. Veritatis provident fugiat odit. Saepe unde quia nemo vel architecto.', 0, '2019-02-26 02:59:07', '2019-02-26 02:59:07'),
(133, 13, 'Magnus Beatty Sr.', 'Recusandae et ducimus dolorem ab quae quisquam iste. Quae provident dolor quibusdam est quod facere. Id ut est eos consequatur ut. Accusamus suscipit ut omnis illo voluptatem iste nisi.', 4, '2019-02-26 02:59:08', '2019-02-26 02:59:08'),
(134, 11, 'Shanel Durgan', 'Quae qui ipsum dolores rerum. Officia officia enim inventore architecto et dolores sapiente nulla. Incidunt temporibus laborum consequatur accusamus fugiat dolor. Aliquid tempora aspernatur sed animi rerum modi.', 4, '2019-02-26 02:59:08', '2019-02-26 02:59:08'),
(135, 11, 'Ryann Rutherford MD', 'Et commodi delectus fugiat sunt et dolorem deserunt. Eveniet sunt est minus enim sapiente. Eos aliquid et et ipsum ipsam quo qui. Ut consequatur veritatis ullam.', 3, '2019-02-26 02:59:08', '2019-02-26 02:59:08'),
(136, 20, 'Verna Harris', 'Totam neque deleniti voluptas ut. Veritatis quasi possimus quas omnis et dolore ipsum. Veniam voluptatum voluptas eum itaque eaque voluptas. Iure culpa ut voluptatem corrupti et.', 2, '2019-02-26 02:59:08', '2019-02-26 02:59:08'),
(137, 50, 'Terence Olson', 'Iste deserunt vel aut nostrum. Quaerat omnis sed ut occaecati culpa molestiae cum. Hic perferendis aut harum totam quidem.', 2, '2019-02-26 02:59:08', '2019-02-26 02:59:08'),
(138, 49, 'Polly Price', 'Et alias aspernatur quibusdam totam. Similique quia earum qui numquam natus. Ut eius veritatis repudiandae quod culpa. Quidem blanditiis fuga accusantium illum inventore.', 0, '2019-02-26 02:59:08', '2019-02-26 02:59:08'),
(139, 7, 'Miss Arvilla Pagac Jr.', 'Sapiente labore sint et qui nostrum minima. Nobis nihil tempora non velit. Beatae nulla sunt architecto in. Sit dolor optio aperiam.', 4, '2019-02-26 02:59:08', '2019-02-26 02:59:08'),
(140, 3, 'Prof. Madonna Bosco', 'Alias delectus est sit cum suscipit optio hic. Mollitia sit dolorem in optio vel ut expedita. Dolorem est molestiae vel architecto. Dignissimos sint et ut voluptatem rerum aut.', 0, '2019-02-26 02:59:08', '2019-02-26 02:59:08'),
(141, 42, 'Americo Braun', 'Adipisci mollitia omnis animi minus. Facere id debitis sequi exercitationem commodi. Qui dicta sunt quo voluptas ut enim neque.', 3, '2019-02-26 02:59:08', '2019-02-26 02:59:08'),
(142, 9, 'Trystan Powlowski', 'Commodi sunt amet numquam delectus occaecati accusamus fugit ipsum. Et quidem magni aliquid delectus ea. Quis et quo qui optio est et. Optio quas modi deserunt ex.', 5, '2019-02-26 02:59:08', '2019-02-26 02:59:08'),
(143, 45, 'Scarlett Veum', 'Numquam tempore sunt magnam dignissimos velit. Eos aperiam error molestiae non. Aut in excepturi autem placeat sequi natus.', 3, '2019-02-26 02:59:08', '2019-02-26 02:59:08'),
(144, 12, 'Ms. Roberta Mante', 'Occaecati blanditiis occaecati quibusdam perferendis. Et et recusandae labore aperiam cupiditate sit esse. Nobis libero quo asperiores rerum inventore sed. Qui dolores autem qui ut aut vel ut. Qui numquam ad excepturi nostrum provident est.', 1, '2019-02-26 02:59:08', '2019-02-26 02:59:08'),
(145, 14, 'Edwin Halvorson', 'Repellat nam sit facere saepe. Minima ullam illum aspernatur fugit deserunt. Incidunt quo et omnis repudiandae rem. Sunt qui consequatur qui vero. Non temporibus assumenda ut incidunt nihil.', 5, '2019-02-26 02:59:08', '2019-02-26 02:59:08'),
(146, 17, 'Jacquelyn Kuhn Sr.', 'Magnam assumenda occaecati quos ab ut ex minus. Autem quis sunt sunt numquam saepe et. Eaque ea corporis hic et expedita suscipit perspiciatis. Non exercitationem nihil similique in.', 0, '2019-02-26 02:59:08', '2019-02-26 02:59:08'),
(147, 6, 'Rhoda Breitenberg', 'Excepturi laboriosam corrupti temporibus voluptatem esse ipsam. Non ut exercitationem inventore nostrum eius. Omnis facilis earum saepe. Ab sit quidem fugit voluptates tempore rerum.', 2, '2019-02-26 02:59:08', '2019-02-26 02:59:08'),
(148, 6, 'Ms. Kaela Marvin II', 'Dolor ut corporis qui at ut. Ad nisi non nesciunt deleniti et nihil commodi ullam. Animi unde sunt qui magnam.', 3, '2019-02-26 02:59:08', '2019-02-26 02:59:08'),
(149, 17, 'Jany Anderson', 'Nesciunt excepturi aspernatur nulla id. Voluptas consectetur fugit aut magni. Voluptatem doloribus provident aut commodi quam sapiente vitae.', 2, '2019-02-26 02:59:09', '2019-02-26 02:59:09'),
(150, 49, 'Miss Laila Yundt IV', 'Porro est nulla voluptatem est repellat rem sunt ducimus. Reiciendis nulla eligendi consequatur et non. Maiores et fugit velit.', 5, '2019-02-26 02:59:09', '2019-02-26 02:59:09'),
(151, 8, 'Karen Abshire', 'Quisquam veritatis explicabo facilis iusto illum inventore explicabo. Suscipit sequi saepe a rerum nam iure vero. Nostrum reiciendis est quo dolores quisquam libero perspiciatis.', 1, '2019-02-26 02:59:09', '2019-02-26 02:59:09'),
(152, 45, 'Hester Morar DDS', 'Eius sequi dolor quae impedit vel officia. Ipsum dolores exercitationem libero sit. Amet eveniet necessitatibus consequatur aspernatur. Iusto veniam ipsam explicabo. Vel qui voluptates debitis mollitia facere ipsa enim neque.', 3, '2019-02-26 02:59:09', '2019-02-26 02:59:09'),
(153, 9, 'Jovanny Dicki', 'Reiciendis veniam et et. Eum voluptas dolor impedit et et. Quasi veniam ad dolorem quae occaecati in. Aliquid eos et aut omnis molestias cum ea.', 2, '2019-02-26 02:59:09', '2019-02-26 02:59:09'),
(154, 18, 'Reece Swift', 'Non odio earum placeat id. In voluptatum fugit suscipit qui maiores animi. Officia voluptatem voluptates recusandae est. Praesentium odio incidunt corrupti ut ad veniam. Vel debitis ducimus repellendus labore id ab tempora.', 2, '2019-02-26 02:59:09', '2019-02-26 02:59:09'),
(155, 20, 'Joana Buckridge III', 'Fuga dolorem consectetur culpa numquam magnam. Repudiandae vero nulla et tenetur libero ut non. Id qui aut quos beatae.', 2, '2019-02-26 02:59:09', '2019-02-26 02:59:09'),
(156, 2, 'Scotty Crooks', 'Voluptatum voluptatem nisi labore placeat ducimus porro non. Et quos similique vitae. Nisi asperiores sint in est consectetur asperiores. Accusantium velit rem quisquam doloribus et.', 4, '2019-02-26 02:59:09', '2019-02-26 02:59:09'),
(157, 46, 'Chelsea Kub', 'Voluptatum veniam dolor accusantium qui labore culpa. Labore dolor quis voluptates repellat sed omnis laborum. Omnis consectetur minima totam.', 3, '2019-02-26 02:59:09', '2019-02-26 02:59:09'),
(158, 17, 'Lucius Kulas Sr.', 'Ea sit voluptate quam ut vel blanditiis dolorem unde. Quisquam inventore fuga consequuntur dolor mollitia veniam.', 4, '2019-02-26 02:59:09', '2019-02-26 02:59:09'),
(159, 21, 'Prof. Fay Lakin', 'Illo et incidunt enim enim. Sint quia ad dolorem in. Veniam accusamus blanditiis in impedit dolorum et.', 3, '2019-02-26 02:59:09', '2019-02-26 02:59:09'),
(160, 37, 'Emil Nolan', 'Voluptas ut qui modi illo. Sed consequuntur natus eius labore nihil sit non velit.', 5, '2019-02-26 02:59:09', '2019-02-26 02:59:09'),
(161, 44, 'Luther Kreiger', 'Corporis nisi ipsa voluptatem adipisci quaerat. Molestiae alias facilis et omnis in. Iusto nesciunt ut est cumque. Facilis occaecati laudantium sint mollitia in.', 4, '2019-02-26 02:59:09', '2019-02-26 02:59:09'),
(162, 50, 'Maureen Wuckert', 'Exercitationem expedita quam quaerat molestiae et autem enim. Quas facere quia eaque aspernatur quos doloribus voluptate est. Qui consequuntur sed et quo sed. Sint libero accusamus aut sapiente.', 1, '2019-02-26 02:59:09', '2019-02-26 02:59:09'),
(163, 31, 'Dr. Garrick Feil III', 'Occaecati velit illo voluptates facere consequuntur odio voluptatem. Officia reprehenderit debitis at ut ipsam sunt qui. Eius error ipsam eaque.', 2, '2019-02-26 02:59:09', '2019-02-26 02:59:09'),
(164, 49, 'Enrique Hodkiewicz', 'Reiciendis sit eos molestiae adipisci. Praesentium voluptatem sunt voluptatibus consequatur nam expedita. Et ut voluptatem officia quidem amet non.', 3, '2019-02-26 02:59:09', '2019-02-26 02:59:09'),
(165, 34, 'Lois Morar', 'Molestias delectus aut beatae excepturi incidunt excepturi vel. Nulla neque quos esse dolore itaque omnis voluptate. Aut facilis suscipit minima nam velit. Voluptatem et ut magni voluptates rerum.', 3, '2019-02-26 02:59:09', '2019-02-26 02:59:09'),
(166, 2, 'Murphy Heathcote', 'Dolorem veritatis soluta neque soluta minus ut veniam. Dolore suscipit qui est nemo. Ipsa eum necessitatibus aliquam qui aut.', 3, '2019-02-26 02:59:09', '2019-02-26 02:59:09'),
(167, 32, 'Angelica Waters', 'Nobis ducimus ipsa consequatur quo et aperiam autem. Iusto quisquam dolorem ad ea fugit impedit qui. Voluptatibus nemo qui ut qui dolor. Aut corrupti quo aut quam et.', 2, '2019-02-26 02:59:09', '2019-02-26 02:59:09'),
(168, 29, 'Lauren Pollich', 'Eligendi possimus deleniti consequatur vel nisi. Eveniet laboriosam qui deserunt omnis tempore et non ut. Molestiae sit labore rerum et minima. Quia voluptatum autem veniam unde et nam.', 4, '2019-02-26 02:59:09', '2019-02-26 02:59:09'),
(169, 9, 'Chanelle King', 'Et facere velit atque odit sequi. Optio temporibus labore adipisci sit laborum. Consequatur dolore eos pariatur.', 2, '2019-02-26 02:59:10', '2019-02-26 02:59:10'),
(170, 36, 'Audreanne Smith DDS', 'Soluta consequatur voluptas omnis quis mollitia est et. Non nam aut rerum neque explicabo harum. Architecto natus quo voluptatem at aut itaque fugit ea.', 2, '2019-02-26 02:59:10', '2019-02-26 02:59:10'),
(171, 39, 'Prof. Guy Abshire II', 'Id aut qui labore. Ab aut maiores eligendi quae eum quo tempore. Cum dolorem et et reiciendis quis.', 1, '2019-02-26 02:59:10', '2019-02-26 02:59:10'),
(172, 23, 'Miss Brisa Reinger', 'Et ut natus a porro et aperiam amet. Corporis molestiae ipsum est et dolorum maxime autem. Dolorem hic sit et ad totam quae. Maiores libero dolore reiciendis ut nihil ab.', 4, '2019-02-26 02:59:10', '2019-02-26 02:59:10'),
(173, 16, 'Prof. Genevieve Veum', 'Quis at et maxime saepe in expedita quia. Eum enim eligendi dolorem. Veritatis maxime est vero culpa dolor eum.', 2, '2019-02-26 02:59:10', '2019-02-26 02:59:10'),
(174, 14, 'Jules Kozey', 'Sint recusandae illum voluptatem qui et praesentium saepe. Sit unde ut sunt ex quam. Perferendis voluptate dolorem laboriosam omnis vitae adipisci vel quia. Et ut enim reprehenderit. Asperiores harum omnis consectetur tenetur corrupti quae adipisci veritatis.', 0, '2019-02-26 02:59:10', '2019-02-26 02:59:10'),
(175, 33, 'Guiseppe Purdy', 'Blanditiis voluptatum qui dolorem ipsum qui repellendus possimus. Consectetur optio nisi odit culpa veniam distinctio. Aut architecto et aut ipsam. Accusantium itaque aliquid voluptas est velit et velit.', 4, '2019-02-26 02:59:10', '2019-02-26 02:59:10'),
(176, 30, 'Sim Sporer', 'Sunt excepturi occaecati commodi quasi. Distinctio adipisci autem molestias modi ut aperiam et. Sit odit odio ad aut molestiae.', 5, '2019-02-26 02:59:10', '2019-02-26 02:59:10'),
(177, 26, 'Michelle Wolf', 'Qui debitis doloribus aut labore et neque. Autem corporis iure consequuntur error eaque rem. Nihil sequi voluptatem accusantium ullam exercitationem. Molestiae voluptas blanditiis aut incidunt accusamus.', 0, '2019-02-26 02:59:10', '2019-02-26 02:59:10'),
(178, 2, 'Jackie Hintz', 'Et aspernatur quia voluptas est enim ex molestiae odio. Labore corrupti placeat distinctio aliquam cupiditate quod aliquid aperiam. Totam vitae consequatur fugit corrupti ad mollitia.', 3, '2019-02-26 02:59:10', '2019-02-26 02:59:10'),
(179, 33, 'Nina Kozey', 'Eos saepe accusantium minima ut vel error asperiores aut. Iusto dicta possimus voluptas at possimus sed illo. Ea facere autem numquam enim.', 2, '2019-02-26 02:59:10', '2019-02-26 02:59:10'),
(180, 33, 'Alexane Wuckert', 'Distinctio dolor molestiae odit architecto. Id perspiciatis ut impedit optio aut a nesciunt. Porro ullam maiores velit ipsum.', 2, '2019-02-26 02:59:10', '2019-02-26 02:59:10'),
(181, 13, 'Marley Runolfsson', 'Quis dolore quos modi nulla eos ipsum dolore. Aut adipisci sint animi vel repellendus labore enim. Veritatis nulla omnis quam vitae maxime suscipit est. Aspernatur temporibus sit voluptates quidem non delectus in.', 1, '2019-02-26 02:59:10', '2019-02-26 02:59:10'),
(182, 2, 'Miss Georgiana Shanahan DVM', 'Consectetur asperiores ea harum sit rerum corrupti. Excepturi ad cupiditate soluta dolorem aut. Occaecati voluptatem omnis consequatur at molestiae dignissimos. Modi ut quos cupiditate similique fugiat neque deleniti.', 0, '2019-02-26 02:59:10', '2019-02-26 02:59:10'),
(183, 43, 'Fae Satterfield', 'Velit repellendus facere culpa vitae et facilis nobis. Velit dolore deserunt sit ullam ut quasi. Est ut ab autem dolores atque quos ipsam. Quia quia repellat et est nulla.', 3, '2019-02-26 02:59:10', '2019-02-26 02:59:10'),
(184, 42, 'Miss Wendy Kohler', 'Nam sunt reprehenderit excepturi dignissimos. Nulla ducimus ut est vel id ut. Similique cum aut fuga temporibus. Itaque aut ut laboriosam sint aliquid deserunt est.', 4, '2019-02-26 02:59:10', '2019-02-26 02:59:10'),
(185, 8, 'Mr. Gunner Jones', 'Quaerat incidunt enim nulla aut dolor in et. Autem et sint itaque. Asperiores vel ut magni dolor. Non rerum distinctio aut.', 3, '2019-02-26 02:59:10', '2019-02-26 02:59:10'),
(186, 10, 'Enoch Considine', 'Qui quis doloremque voluptas. Atque sed porro voluptatibus laudantium. Facilis animi in tempore porro eum ad incidunt autem.', 4, '2019-02-26 02:59:10', '2019-02-26 02:59:10'),
(187, 28, 'Freeman Schuppe PhD', 'Alias enim accusantium aut. Quia voluptates qui quibusdam libero quia perspiciatis illum. Perspiciatis rem impedit molestias eos neque. Et repellendus consequatur cupiditate non suscipit.', 2, '2019-02-26 02:59:10', '2019-02-26 02:59:10'),
(188, 38, 'Humberto Johnson', 'Possimus earum aut quod temporibus. Voluptates maiores repellat est dolorem molestias. Qui rerum et laudantium.', 3, '2019-02-26 02:59:11', '2019-02-26 02:59:11'),
(189, 42, 'Angeline Donnelly DVM', 'Eaque omnis sequi nam labore minus. Unde laborum rerum facere vero consequatur eligendi. Sequi reprehenderit dolorem libero nihil est. Et cupiditate cum asperiores porro autem.', 0, '2019-02-26 02:59:11', '2019-02-26 02:59:11'),
(190, 32, 'Ms. Elna Corwin II', 'Eos officia eveniet debitis molestias. Adipisci qui odit incidunt voluptatem quis veniam. Unde repellendus impedit occaecati possimus voluptatibus ut atque. Et possimus perferendis voluptas et voluptatibus.', 0, '2019-02-26 02:59:11', '2019-02-26 02:59:11'),
(191, 50, 'Nannie Shanahan II', 'Ullam nihil molestiae sint corporis soluta impedit. Consequatur eum reprehenderit et vitae quia temporibus ipsum. Perferendis dolores sapiente quis vero natus.', 1, '2019-02-26 02:59:11', '2019-02-26 02:59:11'),
(192, 11, 'Felipa Bruen', 'Nobis totam molestiae et fugit eligendi ut magni. Et sunt est in. Animi itaque laboriosam et illo soluta.', 5, '2019-02-26 02:59:11', '2019-02-26 02:59:11'),
(193, 48, 'Mr. Rex Zemlak', 'Magni consequatur quos iste cupiditate tempore aut neque. Doloremque vel eligendi dolorum consequuntur hic.', 2, '2019-02-26 02:59:11', '2019-02-26 02:59:11'),
(194, 38, 'Moises Dibbert', 'Eveniet enim eum aut qui. Quasi fugit nisi ipsa maxime a ut optio. Facere voluptate autem ut excepturi itaque deleniti velit.', 2, '2019-02-26 02:59:11', '2019-02-26 02:59:11'),
(195, 37, 'Mrs. Marisa Weissnat', 'Est placeat alias voluptatem numquam ut. Necessitatibus aperiam qui voluptatem aliquam. In et optio aut. Atque unde ea ea natus ut corporis.', 2, '2019-02-26 02:59:11', '2019-02-26 02:59:11'),
(196, 32, 'Kathryne Wiza', 'Nesciunt modi quia nihil laborum. Sed est consectetur aut maxime labore omnis vel. Voluptatum velit quia molestiae odio sed officiis porro ut.', 1, '2019-02-26 02:59:11', '2019-02-26 02:59:11'),
(197, 21, 'Kirstin Lehner', 'Impedit accusamus occaecati repudiandae alias. Ea nisi voluptatibus facere veritatis dolorem esse. Id omnis nobis ut. Aut iste ut vitae dicta.', 1, '2019-02-26 02:59:11', '2019-02-26 02:59:11'),
(198, 46, 'Prof. Keith Fritsch V', 'Est rem doloribus sunt reiciendis error deleniti. Voluptas consectetur dicta sit veniam sunt officiis aut dolores. Possimus voluptas voluptatum in libero quia accusantium similique et.', 4, '2019-02-26 02:59:11', '2019-02-26 02:59:11'),
(199, 28, 'Ms. Mireya Wolf DVM', 'Eveniet nisi rerum qui facere. Consequatur voluptas exercitationem voluptatem dolorem quo fugit consequuntur suscipit. Inventore dolorem quo sequi possimus libero. Veritatis eos ipsa et quis odio facere.', 3, '2019-02-26 02:59:11', '2019-02-26 02:59:11'),
(200, 3, 'Deanna Hudson', 'Earum quia dolores repellendus quasi minus. Ipsam dolore omnis ea beatae voluptates quo illo quasi. Aut est pariatur minima illo.', 1, '2019-02-26 02:59:11', '2019-02-26 02:59:11'),
(201, 15, 'Armani Torphy', 'Sapiente neque ullam non rerum cum et pariatur. Ut voluptatem necessitatibus aliquam qui consequatur autem perferendis. Voluptas et et earum voluptate non ratione est.', 2, '2019-02-26 02:59:11', '2019-02-26 02:59:11'),
(202, 19, 'Cordell Wiza', 'Debitis alias voluptates eum est voluptatum et pariatur. Voluptatem minima quod aut similique voluptas doloremque. Vero eveniet veniam adipisci quos quia qui aspernatur.', 1, '2019-02-26 02:59:11', '2019-02-26 02:59:11'),
(203, 48, 'Dr. Ramon Beatty', 'Qui perspiciatis sunt laborum. Officiis amet nobis non aliquid facere. Necessitatibus quisquam dicta sint.', 4, '2019-02-26 02:59:11', '2019-02-26 02:59:11'),
(204, 30, 'Mrs. Hope Gislason', 'Occaecati nihil enim in in. Nobis molestiae et officia incidunt provident. Esse nesciunt eveniet voluptatem et quasi repellendus quia rem. Distinctio esse quo consequatur provident ipsum dolor.', 1, '2019-02-26 02:59:11', '2019-02-26 02:59:11'),
(205, 50, 'Dr. Ottis Medhurst', 'Cupiditate placeat aut possimus omnis quaerat assumenda. Vero autem dignissimos eligendi error nobis. Laudantium commodi nam exercitationem. Blanditiis reprehenderit et fuga dignissimos unde qui.', 0, '2019-02-26 02:59:11', '2019-02-26 02:59:11'),
(206, 4, 'Triston Harvey IV', 'Eum ratione fugit aut quis voluptas debitis. Veritatis quas autem laboriosam repudiandae similique ut et. Natus sit hic saepe qui.', 0, '2019-02-26 02:59:12', '2019-02-26 02:59:12'),
(207, 48, 'Dr. Kris Mueller I', 'Quia aliquid autem ut laborum quam sint necessitatibus. Sint qui quae vel. Delectus minima occaecati ut quisquam.', 2, '2019-02-26 02:59:12', '2019-02-26 02:59:12'),
(208, 30, 'Elmer Bergstrom', 'Quia exercitationem totam suscipit vitae sint. Et nemo animi officia non libero maxime minima et. Animi architecto totam et iste. Unde quidem veniam expedita voluptatem repellat ducimus. Sunt voluptas voluptatibus sed doloremque ea qui.', 5, '2019-02-26 02:59:12', '2019-02-26 02:59:12'),
(209, 12, 'Wilhelmine Greenfelder', 'Perferendis harum et autem id voluptas ex sint. Ratione officia nihil magni dolores sed et. Consequuntur nam facilis delectus possimus. Sit aut enim officiis quos voluptas impedit quia. Sit veniam consequatur quos vero optio occaecati porro.', 5, '2019-02-26 02:59:12', '2019-02-26 02:59:12'),
(210, 42, 'Fabiola Carter', 'Sed dolorem perferendis pariatur pariatur soluta. Consequuntur facilis voluptate sint sunt quaerat magnam. Perspiciatis ut nemo maiores error et qui.', 1, '2019-02-26 02:59:12', '2019-02-26 02:59:12'),
(211, 23, 'Veda Wyman II', 'Necessitatibus debitis et aut aut asperiores. Qui aliquid non nihil numquam voluptas suscipit velit. Culpa earum alias modi. Nulla dolor rem inventore tenetur aut voluptas dolore commodi.', 3, '2019-02-26 02:59:12', '2019-02-26 02:59:12');
INSERT INTO `reviews` (`id`, `product_id`, `customer`, `review`, `star`, `created_at`, `updated_at`) VALUES
(212, 37, 'Mr. Matteo Collins MD', 'Qui optio aut necessitatibus. Iusto error corporis est nam molestiae aliquid ex atque. Illum consequatur tenetur ullam aut enim est. Quo quos ut minima suscipit aut rem vitae.', 4, '2019-02-26 02:59:12', '2019-02-26 02:59:12'),
(213, 47, 'Elfrieda Walsh', 'Nihil officia nobis quia quia adipisci. Qui consequatur excepturi id esse. Rerum dolore dicta possimus et reprehenderit aut. Voluptas ullam et ut qui dolores dolorem est.', 2, '2019-02-26 02:59:12', '2019-02-26 02:59:12'),
(214, 36, 'Miss Summer Kautzer', 'Est sit exercitationem nam repellat magnam. Error aspernatur quis sequi dolor est molestias. Et qui dolorem a praesentium voluptatibus magni rerum possimus.', 4, '2019-02-26 02:59:12', '2019-02-26 02:59:12'),
(215, 40, 'Claire Halvorson Jr.', 'Voluptatem inventore sit quia. Voluptatem eos totam consequatur aperiam ut sint. Accusamus dolore est velit molestiae tenetur eligendi blanditiis. Accusantium debitis omnis aut nihil sapiente sint nulla dignissimos.', 5, '2019-02-26 02:59:12', '2019-02-26 02:59:12'),
(216, 2, 'Larue Homenick', 'Exercitationem est qui voluptatem est autem reprehenderit est. Accusamus architecto et et voluptate iusto non. Magnam itaque voluptatum quod voluptatem nisi quia delectus. Voluptatum accusantium nihil hic qui rerum.', 4, '2019-02-26 02:59:12', '2019-02-26 02:59:12'),
(217, 32, 'Madge Marks', 'Natus fugit ratione minus rem aut nam et. Numquam voluptatem quidem et dolore quis. Quos et praesentium aliquam nostrum architecto est qui. Aut aut qui mollitia nostrum veniam qui.', 5, '2019-02-26 02:59:12', '2019-02-26 02:59:12'),
(218, 46, 'Erik Hagenes', 'Consequatur dolores sit incidunt eos blanditiis aut rerum. Saepe ab beatae dolor non. Quia id labore dolorum maiores.', 4, '2019-02-26 02:59:12', '2019-02-26 02:59:12'),
(219, 26, 'Euna Dach MD', 'Voluptas doloremque dolorem commodi consequatur optio. Consequatur officia maiores inventore distinctio et adipisci. Ut porro soluta qui veritatis distinctio qui ad voluptatum. Esse sit voluptas voluptatum maxime architecto non ipsa id.', 4, '2019-02-26 02:59:12', '2019-02-26 02:59:12'),
(220, 4, 'Dr. Milo Pagac PhD', 'Nulla libero incidunt et omnis adipisci. Ipsum ducimus deleniti qui totam sed. Voluptatem aut dolore non doloribus. Molestiae enim suscipit et delectus totam quos. A molestiae labore veniam esse autem magnam.', 2, '2019-02-26 02:59:12', '2019-02-26 02:59:12'),
(221, 32, 'Karine Lang', 'Laudantium rerum odio quos voluptates necessitatibus repellendus error. Eos non veniam ut alias ut libero quis rerum. Praesentium et ea est hic ipsam porro. Fugiat et neque error occaecati.', 3, '2019-02-26 02:59:12', '2019-02-26 02:59:12'),
(222, 40, 'Elva Gleason', 'Quae error qui doloremque placeat molestiae commodi. Fugit ut aut in aut in vero vel. Dicta hic reiciendis voluptatem voluptas ad.', 4, '2019-02-26 02:59:12', '2019-02-26 02:59:12'),
(223, 48, 'Alphonso Senger PhD', 'Aut possimus voluptatem non laudantium vel. Ut qui et consectetur possimus ducimus. Ut harum ea et. Voluptates omnis minima doloribus exercitationem incidunt.', 4, '2019-02-26 02:59:12', '2019-02-26 02:59:12'),
(224, 25, 'Jadon Johnson II', 'Ex iure impedit iure id. Voluptate nostrum exercitationem corrupti numquam ab officia. Et aut natus autem blanditiis iure non deleniti autem.', 3, '2019-02-26 02:59:12', '2019-02-26 02:59:12'),
(225, 22, 'Prof. Harmon Kirlin I', 'Vel doloremque pariatur atque placeat laborum. Assumenda a quia vel dolor ab nostrum quia. Recusandae necessitatibus nulla aut hic molestiae et nesciunt.', 3, '2019-02-26 02:59:12', '2019-02-26 02:59:12'),
(226, 5, 'Prof. Cordelia Grant', 'Velit sit voluptas culpa necessitatibus hic velit quidem perferendis. Eligendi vitae magni repudiandae dolorum enim numquam.', 5, '2019-02-26 02:59:13', '2019-02-26 02:59:13'),
(227, 41, 'Gordon Sporer', 'Voluptatem natus enim magni nihil consequatur quae nesciunt saepe. Sint dolorum magnam quo similique fugiat et. Maxime dignissimos laboriosam id.', 0, '2019-02-26 02:59:13', '2019-02-26 02:59:13'),
(228, 8, 'Emily Bruen', 'Sed maxime nulla praesentium perspiciatis cumque consequuntur. Id sit aut quasi. Est reprehenderit dolorem velit numquam nihil quo. Eos nam est fugiat repellendus cum.', 2, '2019-02-26 02:59:13', '2019-02-26 02:59:13'),
(229, 47, 'Dr. Linda Rippin III', 'Eligendi assumenda et dolores ducimus explicabo. Suscipit at maxime ab saepe ipsa. Optio odit quam eius molestiae iure.', 3, '2019-02-26 02:59:13', '2019-02-26 02:59:13'),
(230, 50, 'Elza Hane', 'Et omnis earum quasi inventore sunt expedita. Vitae et ex odit voluptas qui id quia. Aspernatur ut alias blanditiis et mollitia sed.', 1, '2019-02-26 02:59:13', '2019-02-26 02:59:13'),
(231, 26, 'Bailey Conn II', 'Veritatis ullam et veniam voluptatem. Inventore fugit necessitatibus fuga ut. Sint dolorum aut aliquid.', 5, '2019-02-26 02:59:13', '2019-02-26 02:59:13'),
(232, 19, 'Lisandro Bahringer', 'Libero non aut adipisci veritatis saepe ut. Excepturi totam mollitia voluptate ipsa.', 4, '2019-02-26 02:59:13', '2019-02-26 02:59:13'),
(233, 43, 'Bernhard D''Amore', 'Architecto sit ratione laudantium nam. Temporibus et eum nihil et vel. Optio rerum ea dolores impedit exercitationem sequi. Voluptatem vel repudiandae voluptate quia qui velit est.', 2, '2019-02-26 02:59:13', '2019-02-26 02:59:13'),
(234, 10, 'Prof. Brain Labadie', 'Sit ut aut qui. Deserunt quae cupiditate architecto nam. Error aut voluptatibus rem quod. Est repudiandae in nisi ducimus aut veritatis.', 1, '2019-02-26 02:59:13', '2019-02-26 02:59:13'),
(235, 35, 'Lew Douglas', 'Dolorem est et alias optio quibusdam. Et iusto nam distinctio quo eos pariatur voluptatibus. Aut adipisci rerum voluptas.', 4, '2019-02-26 02:59:13', '2019-02-26 02:59:13'),
(236, 22, 'Ramon Gaylord', 'Et nemo illo eos reprehenderit ipsum at qui autem. Corporis deserunt officiis dolorum eum ex labore eum. Fugit qui eveniet nihil sunt voluptatibus quis perspiciatis.', 2, '2019-02-26 02:59:13', '2019-02-26 02:59:13'),
(237, 3, 'Ms. Libbie Von IV', 'Consectetur ea aliquam qui necessitatibus cumque veritatis reprehenderit. Sit ea suscipit fugiat sed. Ut vel ut commodi neque voluptatem ratione ratione. Perspiciatis et laudantium quis vel.', 2, '2019-02-26 02:59:13', '2019-02-26 02:59:13'),
(238, 46, 'Rose Hauck Sr.', 'Unde eum nam qui aut cum ex qui. Quia atque sit quae ut et. Aspernatur quibusdam possimus et eveniet impedit ut. Nisi enim expedita ullam id quo nulla.', 5, '2019-02-26 02:59:13', '2019-02-26 02:59:13'),
(239, 13, 'Ulises Barrows', 'Ut aut dolorem nam porro error eveniet quia voluptates. Quibusdam officia corporis sed facilis quis voluptas dolores. Sed repellat voluptate voluptatibus earum.', 2, '2019-02-26 02:59:13', '2019-02-26 02:59:13'),
(240, 10, 'Zakary Hegmann MD', 'Maiores molestias officia enim et reprehenderit vel. Tempora a sed optio qui voluptate eos. Dicta dolores ut deleniti beatae numquam inventore corporis. Ab occaecati quae hic.', 0, '2019-02-26 02:59:13', '2019-02-26 02:59:13'),
(241, 34, 'Mr. Cortez Walter PhD', 'Voluptatem vero perferendis repellendus sint et deserunt laboriosam. Consequatur officia est nesciunt. Impedit facilis voluptate ex harum porro rerum et. Rerum ab molestiae adipisci autem molestiae labore.', 0, '2019-02-26 02:59:14', '2019-02-26 02:59:14'),
(242, 47, 'Estel Torp', 'Eum voluptatem animi repellendus eius. A corporis totam repellat sequi sit non. In explicabo ratione sed. Occaecati porro harum nostrum veniam minus eum.', 4, '2019-02-26 02:59:14', '2019-02-26 02:59:14'),
(243, 29, 'Mauricio Price', 'Necessitatibus quos est recusandae mollitia maiores nostrum repudiandae ut. A dicta quia id nobis. Molestiae necessitatibus mollitia est similique voluptatibus nesciunt eveniet. Magni asperiores nobis voluptatem et velit laboriosam et.', 5, '2019-02-26 02:59:14', '2019-02-26 02:59:14'),
(244, 26, 'Anibal Kerluke', 'Harum ipsa quae enim unde aperiam ut quibusdam. Qui voluptas voluptatem cumque in omnis esse aliquid. Perferendis quaerat reiciendis et rerum repellat. Ut asperiores nihil praesentium aliquid ex perferendis.', 1, '2019-02-26 02:59:14', '2019-02-26 02:59:14'),
(245, 48, 'Camilla Gerlach', 'Possimus ab nemo et ut. Magnam sed omnis aliquid ea dolore omnis omnis. Corrupti totam rem explicabo blanditiis amet dicta voluptate. Doloremque consectetur alias quam sapiente quae animi.', 5, '2019-02-26 02:59:14', '2019-02-26 02:59:14'),
(246, 44, 'Dr. Nicole Welch II', 'Harum quis modi quae omnis. In quisquam ipsa et in sed id harum. Reiciendis aut voluptate accusantium aliquam. Quasi itaque aut voluptatibus assumenda voluptatem rerum.', 3, '2019-02-26 02:59:14', '2019-02-26 02:59:14'),
(247, 41, 'Alanna Ondricka', 'Veniam hic excepturi asperiores sed nostrum iste laboriosam. Omnis quod nihil natus. Ipsam nulla at vero nemo qui. Doloremque ipsam voluptatem qui aliquam dolor.', 1, '2019-02-26 02:59:14', '2019-02-26 02:59:14'),
(248, 41, 'Madie Volkman MD', 'Nihil odio nesciunt amet quisquam. Repellendus harum molestiae quas quo. Ab reiciendis et accusamus.', 0, '2019-02-26 02:59:14', '2019-02-26 02:59:14'),
(249, 50, 'Rhiannon Zboncak V', 'Non enim molestias quae consequatur odit eum. Sed veritatis quo qui ea facere necessitatibus iusto. Non et aut ipsum et minima. Maiores vero eum est inventore asperiores tempore consequuntur.', 3, '2019-02-26 02:59:14', '2019-02-26 02:59:14'),
(250, 48, 'Dr. Colton Davis II', 'Amet expedita molestiae dicta dicta qui nihil quo. Repellat et beatae odio similique nobis. Consequatur sit voluptatem similique at quibusdam.', 1, '2019-02-26 02:59:14', '2019-02-26 02:59:14'),
(251, 31, 'Peggie Doyle', 'Officia dicta dolor ut quos unde. Ipsa autem dolores culpa quo qui.', 3, '2019-02-26 02:59:14', '2019-02-26 02:59:14'),
(252, 13, 'Ruth McClure', 'Quasi suscipit sed nihil autem aliquid ea error. Odio unde labore ratione ut eos eveniet ut. Dolorem dolor repellendus itaque. Qui qui ut corrupti magnam.', 4, '2019-02-26 02:59:14', '2019-02-26 02:59:14'),
(253, 5, 'Prof. Roslyn Kilback IV', 'Et et ab sunt ut ipsam dolorem maiores. Id sapiente quas est nulla est. Vitae consequatur qui et deserunt. Enim velit sit repellat at.', 1, '2019-02-26 02:59:14', '2019-02-26 02:59:14'),
(254, 37, 'Dr. Sherwood Ferry', 'Vitae non rerum repudiandae non ad est eligendi. Et non consequuntur explicabo et. Aut cum autem et omnis illum qui sint.', 2, '2019-02-26 02:59:14', '2019-02-26 02:59:14'),
(255, 7, 'Prof. Winston Cormier', 'Dolores vel non quae voluptatibus. Necessitatibus at quia rerum tempora eligendi vel possimus nihil. At reiciendis quis et necessitatibus neque facilis.', 4, '2019-02-26 02:59:14', '2019-02-26 02:59:14'),
(256, 25, 'Prof. Zoie Champlin III', 'Possimus consectetur iste at consequatur. Aliquam maiores magni nihil tempore veritatis est. Harum earum ea aut iure sunt.', 3, '2019-02-26 02:59:14', '2019-02-26 02:59:14'),
(257, 10, 'Destany Ondricka', 'Veniam ut quod ut quia ratione laudantium. Omnis cum iste voluptas distinctio dolor delectus ducimus. Voluptas praesentium maxime facere similique nihil dolores earum dolor.', 4, '2019-02-26 02:59:14', '2019-02-26 02:59:14'),
(258, 24, 'Prof. Cheyanne Schiller II', 'Beatae quia minus voluptas blanditiis consectetur a pariatur nulla. Laborum eligendi harum dolores eveniet sit id qui. Ut eos distinctio ducimus. Vel veniam asperiores consectetur officiis at.', 1, '2019-02-26 02:59:14', '2019-02-26 02:59:14'),
(259, 47, 'Kirsten Wyman', 'Fugit ea et et eligendi quam hic dolor. Et incidunt commodi eum qui natus facere. Adipisci iusto dolorem quaerat odio assumenda. Illum vel autem atque veritatis.', 4, '2019-02-26 02:59:14', '2019-02-26 02:59:14'),
(260, 44, 'Dr. Adriel Mosciski I', 'Fugit voluptatem consequatur eius quisquam earum. Sint ut suscipit id omnis. Voluptatibus laboriosam velit laboriosam fuga ut et. Corrupti odio aliquam voluptate eveniet labore aut.', 4, '2019-02-26 02:59:14', '2019-02-26 02:59:14'),
(261, 24, 'Ms. Gwendolyn Heidenreich', 'Et amet doloremque culpa. Reprehenderit nam ducimus laborum voluptatem quisquam. Inventore commodi labore eum et omnis. Voluptatem at error sed sit aut ut.', 5, '2019-02-26 02:59:15', '2019-02-26 02:59:15'),
(262, 30, 'Mr. Ryder Walsh', 'Illum provident sapiente unde. Minus nesciunt nisi tempore quos sint architecto. Est in omnis aut esse asperiores aut.', 3, '2019-02-26 02:59:15', '2019-02-26 02:59:15'),
(263, 43, 'Tyree Lowe', 'Necessitatibus quia quod et omnis. Maiores saepe unde possimus et voluptates. Suscipit eos recusandae iste molestiae. Dolores magnam voluptates aut quos.', 5, '2019-02-26 02:59:15', '2019-02-26 02:59:15'),
(264, 37, 'Samanta Grant', 'Officia similique quod quam sit officia quasi harum. Cumque id voluptatem ipsa impedit accusamus.', 1, '2019-02-26 02:59:15', '2019-02-26 02:59:15'),
(265, 47, 'Camila Block', 'Velit qui nihil reiciendis odit. Non provident qui rerum optio vero error reprehenderit. Ut ad suscipit vel. Distinctio dolorem dolore numquam.', 0, '2019-02-26 02:59:15', '2019-02-26 02:59:15'),
(266, 47, 'Darwin Schamberger', 'Quis non non et et suscipit aperiam veniam. Consectetur quam tempore est rerum maxime. Quae voluptatum ea qui et. Nulla corporis sint dolores et perferendis voluptas ab praesentium.', 5, '2019-02-26 02:59:15', '2019-02-26 02:59:15'),
(267, 8, 'Brionna Fisher', 'Nemo corporis laborum aut atque exercitationem qui natus sed. Deleniti eligendi ipsam voluptatem. Quibusdam eligendi quibusdam reiciendis neque tenetur dolor corporis. Doloremque error quasi totam suscipit eum corrupti et hic.', 0, '2019-02-26 02:59:15', '2019-02-26 02:59:15'),
(268, 19, 'Mrs. Caleigh Auer', 'Sit maiores qui nulla necessitatibus numquam perferendis. Commodi ex itaque ut omnis voluptatum. Qui odio et exercitationem repellat aut omnis.', 5, '2019-02-26 02:59:15', '2019-02-26 02:59:15'),
(269, 48, 'Neha Ritchie III', 'Velit est in inventore ut veniam nemo modi officia. Eum aliquam doloribus aperiam eum et. Ut et aut sapiente veniam rerum nesciunt aut voluptatem.', 2, '2019-02-26 02:59:15', '2019-02-26 02:59:15'),
(270, 28, 'Dr. Elta Heaney', 'Laboriosam at sapiente est officiis praesentium commodi. Libero debitis magnam in recusandae magnam quia. Sunt corrupti placeat qui reiciendis ipsum culpa voluptates corrupti. Ex accusamus rerum quia amet eveniet voluptatum veritatis rem.', 5, '2019-02-26 02:59:15', '2019-02-26 02:59:15'),
(271, 7, 'Henri Bins', 'Autem eligendi perferendis accusamus perspiciatis a est. Veniam voluptatum dolorum sint accusamus. Temporibus est dicta quis excepturi error iste.', 4, '2019-02-26 02:59:15', '2019-02-26 02:59:15'),
(272, 12, 'Mrs. Josie Fisher', 'Cumque nihil distinctio quia ipsum. Dolores aliquid reprehenderit consequatur quisquam. Rerum rerum officia architecto similique inventore totam deserunt. Ut cumque perspiciatis et harum sed quia quo.', 5, '2019-02-26 02:59:15', '2019-02-26 02:59:15'),
(273, 31, 'Lonie Gibson DDS', 'Perferendis debitis ut et dolorem facilis quibusdam expedita. Qui nam reiciendis amet molestiae ut. Quasi optio voluptatum ut perspiciatis expedita natus nisi.', 4, '2019-02-26 02:59:15', '2019-02-26 02:59:15'),
(274, 35, 'Einar Hyatt', 'Excepturi veritatis iure voluptatem ab. Autem doloremque vel aut molestias aut. Alias culpa corrupti eveniet occaecati aut. Sed ipsam magnam rem doloribus qui dolore eius. Fuga ipsum suscipit harum corporis.', 0, '2019-02-26 02:59:15', '2019-02-26 02:59:15'),
(275, 48, 'Drew Leuschke', 'Pariatur exercitationem alias non voluptatibus quia alias. Ipsam vel pariatur accusamus ad quibusdam a qui.', 1, '2019-02-26 02:59:15', '2019-02-26 02:59:15'),
(276, 25, 'Kiarra Hilpert PhD', 'Vel non nemo ut adipisci. Rerum recusandae ipsum deserunt optio. Deleniti nesciunt eos saepe omnis asperiores quos iusto blanditiis.', 4, '2019-02-26 02:59:15', '2019-02-26 02:59:15'),
(277, 4, 'Murray Kohler V', 'Excepturi voluptatem quia quis aliquid dolores earum. Tempore distinctio et cumque qui reprehenderit alias. Minus occaecati veritatis quos minima esse. Aut tempore harum illum esse dolorem rerum.', 3, '2019-02-26 02:59:15', '2019-02-26 02:59:15'),
(278, 29, 'Emmett Armstrong', 'Est deleniti sint est veritatis ut. Neque fugiat aliquid omnis quo fugiat. Et quia nihil et quos aliquam. Rerum temporibus eos dolor eaque eos reiciendis quia. Quia hic eaque quisquam consectetur iste ex eum optio.', 1, '2019-02-26 02:59:16', '2019-02-26 02:59:16'),
(279, 35, 'Sylvester O''Keefe', 'Ea ut minima occaecati accusamus. Tempore voluptas est rerum temporibus. Omnis alias ea blanditiis quisquam et excepturi.', 5, '2019-02-26 02:59:16', '2019-02-26 02:59:16'),
(280, 36, 'Vena Tremblay', 'Commodi qui voluptatibus tempora deserunt sit deleniti labore. Dolorem consequatur nihil debitis aut. Numquam qui et aut omnis.', 2, '2019-02-26 02:59:16', '2019-02-26 02:59:16'),
(281, 34, 'Janelle Heller', 'Non minus earum cupiditate ut ea nam sint quibusdam. Delectus placeat sit omnis esse suscipit vitae est. Id veritatis sed at aut odit.', 0, '2019-02-26 02:59:16', '2019-02-26 02:59:16'),
(282, 30, 'Nettie Bogisich', 'Esse et mollitia distinctio temporibus molestias sit. Doloribus dolor enim est quisquam sed. Cum quod non sequi consequatur.', 1, '2019-02-26 02:59:16', '2019-02-26 02:59:16'),
(283, 22, 'Savanah Sipes Sr.', 'Cumque ut eaque quia esse qui reprehenderit atque. Quos temporibus est commodi officia minus autem assumenda sit. Et illum ut itaque eum voluptas. Et distinctio et quae est.', 0, '2019-02-26 02:59:16', '2019-02-26 02:59:16'),
(284, 41, 'Ona Thompson', 'Voluptas neque blanditiis aut. Eius quia nisi corporis. Voluptatem aut quae velit et atque ut. Sit aut voluptas est sint provident.', 4, '2019-02-26 02:59:16', '2019-02-26 02:59:16'),
(285, 44, 'Mayra Langosh', 'Unde ratione asperiores accusantium ad. Illo sit error maxime aperiam vel beatae. Eaque consectetur possimus quis cum repellendus possimus fuga laudantium. Maiores nam aperiam illo.', 2, '2019-02-26 02:59:16', '2019-02-26 02:59:16'),
(286, 43, 'Mr. Keshaun Skiles', 'Suscipit dolores a architecto a. Facilis qui velit consequatur ratione et libero non et. Atque molestiae maxime qui rerum unde.', 2, '2019-02-26 02:59:16', '2019-02-26 02:59:16'),
(287, 19, 'Prof. Clinton Rowe V', 'Consequatur sit omnis deleniti animi. Fuga maxime autem expedita facere ad. Voluptatem non consequatur quos. Nihil et et aperiam accusamus nihil et quam reprehenderit.', 5, '2019-02-26 02:59:16', '2019-02-26 02:59:16'),
(288, 37, 'Lillie Balistreri V', 'Architecto dolore consequuntur sequi illum. Quia tempora enim repudiandae voluptate veniam labore voluptates. Voluptas aut neque quis atque tempora ut. Accusantium totam enim distinctio aut voluptatem qui.', 0, '2019-02-26 02:59:16', '2019-02-26 02:59:16'),
(289, 32, 'Dr. Darren Lemke III', 'Suscipit dolores unde omnis et veniam voluptatibus. Quia architecto molestiae necessitatibus voluptatem soluta. Quaerat nesciunt nemo reiciendis est aliquid laboriosam.', 5, '2019-02-26 02:59:16', '2019-02-26 02:59:16'),
(290, 24, 'Mr. Toney Weber III', 'Reiciendis et quaerat suscipit quia. Ut sed est et est quidem. Dolor sapiente ut inventore at possimus.', 4, '2019-02-26 02:59:16', '2019-02-26 02:59:16'),
(291, 1, 'Kianna Rutherford', 'Aut impedit ut et voluptas qui voluptas est maiores. Recusandae minima architecto voluptas. Fugit consectetur ut at nisi fuga atque est minus.', 3, '2019-02-26 02:59:16', '2019-02-26 02:59:16'),
(292, 18, 'Bria Hilpert', 'Iure quo animi inventore. Ut et autem totam voluptates inventore repudiandae numquam animi. Aut nulla non dicta. Vel quaerat debitis expedita nostrum.', 2, '2019-02-26 02:59:16', '2019-02-26 02:59:16'),
(293, 42, 'Miss Angelina Sanford', 'Molestias et dolor sunt dolor fugiat consequuntur. Omnis sequi beatae magnam sit rem eligendi qui. Illo quis eos minima sint quaerat.', 1, '2019-02-26 02:59:16', '2019-02-26 02:59:16'),
(294, 1, 'Angelina Torphy', 'Consequuntur est quia minima fuga inventore aliquid. Molestiae eos nemo rerum dolorum. Omnis necessitatibus ea architecto reiciendis at. Fugit perferendis ut perspiciatis quia a nulla ut velit.', 2, '2019-02-26 02:59:16', '2019-02-26 02:59:16'),
(295, 47, 'Lacey Mayer', 'Repudiandae aliquid officiis pariatur facilis cum et dolor. Voluptate harum exercitationem et voluptatum tempora tempore suscipit et. Autem sed distinctio reiciendis eos dolor. Blanditiis eum molestiae perferendis rem aut odio eaque reiciendis. Aut aut consectetur rem nostrum rerum.', 0, '2019-02-26 02:59:16', '2019-02-26 02:59:16'),
(296, 42, 'Araceli Morissette', 'Fugiat impedit iste molestiae eos. Et quis id recusandae voluptatem molestias. Velit animi occaecati impedit. Velit eaque exercitationem enim harum sed.', 1, '2019-02-26 02:59:16', '2019-02-26 02:59:16'),
(297, 47, 'Kenneth Considine Sr.', 'Dolorem doloremque iusto aut autem consequatur. Corporis voluptas est ex quidem occaecati aspernatur excepturi officiis. Nisi aliquam laboriosam quos omnis minus. Tempora tempora sit enim accusantium.', 5, '2019-02-26 02:59:16', '2019-02-26 02:59:16'),
(298, 20, 'Hugh Parisian', 'In molestias ipsa quis id expedita ab. Aperiam maiores autem sint aut magni. Iure architecto dignissimos officiis quia laborum nobis. Adipisci sit repudiandae atque voluptates odit eaque.', 1, '2019-02-26 02:59:16', '2019-02-26 02:59:16'),
(299, 38, 'Emie Lockman', 'Cum quis exercitationem ratione eveniet minima. Dolorem eum qui reprehenderit quae et amet aliquam. Iure rerum sapiente molestiae.', 4, '2019-02-26 02:59:16', '2019-02-26 02:59:16'),
(300, 35, 'Dr. Abbie Parker', 'Porro facere molestiae dolorum quo earum. Quaerat libero labore odit nulla et esse. Ratione veritatis quidem sed unde omnis odit in. Dignissimos est inventore modi saepe odit fugit ut.', 4, '2019-02-26 02:59:17', '2019-02-26 02:59:17');

-- --------------------------------------------------------

--
-- Table structure for table `users`
--

CREATE TABLE `users` (
  `id` int(10) UNSIGNED NOT NULL,
  `name` varchar(191) COLLATE utf8mb4_unicode_ci NOT NULL,
  `email` varchar(191) COLLATE utf8mb4_unicode_ci NOT NULL,
  `password` varchar(191) COLLATE utf8mb4_unicode_ci NOT NULL,
  `remember_token` varchar(100) COLLATE utf8mb4_unicode_ci DEFAULT NULL,
  `created_at` timestamp NULL DEFAULT NULL,
  `updated_at` timestamp NULL DEFAULT NULL
) ENGINE=InnoDB DEFAULT CHARSET=utf8mb4 COLLATE=utf8mb4_unicode_ci;

--
-- Indexes for dumped tables
--

--
-- Indexes for table `migrations`
--
ALTER TABLE `migrations`
  ADD PRIMARY KEY (`id`);

--
-- Indexes for table `password_resets`
--
ALTER TABLE `password_resets`
  ADD KEY `password_resets_email_index` (`email`);

--
-- Indexes for table `products`
--
ALTER TABLE `products`
  ADD PRIMARY KEY (`id`);

--
-- Indexes for table `reviews`
--
ALTER TABLE `reviews`
  ADD PRIMARY KEY (`id`),
  ADD KEY `reviews_product_id_index` (`product_id`);

--
-- Indexes for table `users`
--
ALTER TABLE `users`
  ADD PRIMARY KEY (`id`),
  ADD UNIQUE KEY `users_email_unique` (`email`);

--
-- AUTO_INCREMENT for dumped tables
--

--
-- AUTO_INCREMENT for table `migrations`
--
ALTER TABLE `migrations`
  MODIFY `id` int(10) UNSIGNED NOT NULL AUTO_INCREMENT, AUTO_INCREMENT=5;
--
-- AUTO_INCREMENT for table `products`
--
ALTER TABLE `products`
  MODIFY `id` int(10) UNSIGNED NOT NULL AUTO_INCREMENT, AUTO_INCREMENT=51;
--
-- AUTO_INCREMENT for table `reviews`
--
ALTER TABLE `reviews`
  MODIFY `id` int(10) UNSIGNED NOT NULL AUTO_INCREMENT, AUTO_INCREMENT=301;
--
-- AUTO_INCREMENT for table `users`
--
ALTER TABLE `users`
  MODIFY `id` int(10) UNSIGNED NOT NULL AUTO_INCREMENT;
--
-- Constraints for dumped tables
--

--
-- Constraints for table `reviews`
--
ALTER TABLE `reviews`
  ADD CONSTRAINT `reviews_product_id_foreign` FOREIGN KEY (`product_id`) REFERENCES `products` (`id`) ON DELETE CASCADE;

/*!40101 SET CHARACTER_SET_CLIENT=@OLD_CHARACTER_SET_CLIENT */;
/*!40101 SET CHARACTER_SET_RESULTS=@OLD_CHARACTER_SET_RESULTS */;
/*!40101 SET COLLATION_CONNECTION=@OLD_COLLATION_CONNECTION */;
